"","ncessch","qid","school_level","icf_enrolled","nces_enrolled","num_students_w2","num_students_w3","inner_flag","flag"
"1","061035009776","061035009776","HS",NA,24,NA,NA,NA,NA
"2","062979011813","062979011813","MS",NA,105,NA,NA,NA,NA
"3","080393000511","080393000511","ES",NA,133,NA,NA,NA,NA
"4","080504000827","080504000827","ES",NA,47,NA,NA,NA,NA
"5","130105002358","130105002358","MS",NA,168,NA,NA,NA,NA
"6","130129000572","130129000572","ES",NA,599,NA,NA,NA,NA
"7","170139001838","170139001838","ES",NA,207,NA,NA,NA,NA
"8","171293001541","171293001541","HS",NA,131,NA,NA,NA,NA
"9","174245004268","174245004268","HS",NA,85,NA,NA,NA,NA
"10","190906000593","190906000593","ES",NA,75,NA,NA,NA,NA
"11","260001607978","260001607978","ES",NA,85,NA,NA,NA,NA
"12","270375000175","270375000175","ES",NA,227,NA,NA,NA,NA
"13","270444004159","270444004159","HS",NA,71,NA,NA,NA,NA
"14","270624005130","270624005130","MS",NA,394,NA,NA,NA,NA
"15","273828001670","273828001670","ES",NA,200,NA,NA,NA,NA
"16","292148003112","292148003112","MS",NA,79,NA,NA,NA,NA
"17","301380000964","301380000964","MS",NA,37,NA,NA,NA,NA
"18","310011600594","310011600594","ES",NA,253,NA,NA,NA,NA
"19","310013001224","310013001224","ES",NA,169,NA,NA,NA,NA
"20","310516000150","310516000150","ES",NA,119,NA,NA,NA,NA
"21","317323000599","317323000599","MS",NA,109,NA,NA,NA,NA
"22","330736000510","330736000510","HS",NA,3140,NA,NA,NA,NA
"23","361119000888","361119000888","ES",NA,483,NA,NA,NA,NA
"24","361377001128","361377001128","MS",NA,188,NA,NA,NA,NA
"25","363192005591","363192005591","MS",NA,647,NA,NA,NA,NA
"26","380082500113","380082500113","ES",NA,65,NA,NA,NA,NA
"27","381170000381","381170000381","ES",NA,98,NA,NA,NA,NA
"28","390462102471","390462102471","ES",NA,529,NA,NA,NA,NA
"29","390506304012","390506304012","HS",NA,216,NA,NA,NA,NA
"30","391000702220","391000702220","ES",NA,NA,NA,NA,NA,NA
"31","402784001855","402784001855","MS",NA,60,NA,NA,NA,NA
"32","403117001727","403117001727","MS",NA,218,NA,NA,NA,NA
"33","460004101142","460004101142","MS",NA,85,NA,NA,NA,NA
"34","480003012231","480003012231","ES",NA,614,NA,NA,NA,NA
"35","480003013476","480003013476","MS",NA,472,NA,NA,NA,NA
"36","480809000134","480809000134","ES",NA,NA,NA,NA,NA,NA
"37","483891008022","483891008022","ES",NA,129,NA,NA,NA,NA
"38","510315001333","510315001333","MS",NA,501,NA,NA,NA,NA
"39","530032403412","530032403412","HS",NA,142,NA,NA,NA,NA
"40","530531002608","530531002608","MS",NA,269,NA,NA,NA,NA
"41","530618003377","530618003377","ES",NA,201,NA,NA,NA,NA
"42","550057000088","550057000088","MS",NA,84,NA,NA,NA,NA
"43","550123000609","550123000609","MS",NA,152,NA,NA,NA,NA
"44","020018000077","MDR_00000244","ES",205,205,184,186,0,0
"45","020018000086","MDR_00000309","ES",411,411,NA,NA,0,NA
"46","020018000097","MDR_00000397","ES",309,307,NA,NA,0,NA
"47","020000100211","MDR_00002424","ES",163,163,NA,NA,0,NA
"48","020077500362","MDR_00002864","ES",92,92,NA,NA,0,NA
"49","020076000663","MDR_00003002","HS",63,63,100,66,0,0
"50","020000300222","MDR_00003105","MS",123,123,NA,NA,0,NA
"51","020072000661","MDR_00003703","MS",174,174,NA,NA,0,NA
"52","010066000270","MDR_00005672","HS",693,693,NA,NA,0,NA
"53","010093000359","MDR_00006913","ES",188,198,NA,NA,0,NA
"54","010102000387","MDR_00007319","HS",539,539,NA,NA,0,NA
"55","010129000470","MDR_00008179","ES",935,935,NA,NA,0,NA
"56","010138000509","MDR_00008648","ES",321,321,NA,NA,0,NA
"57","010147000521","MDR_00008923","HS",241,241,NA,NA,0,NA
"58","010174000604","MDR_00009381","HS",418,418,NA,NA,0,NA
"59","010123001449","MDR_00009575","ES",354,330,NA,NA,0,NA
"60","010039000165","MDR_00010079","HS",669,669,NA,NA,0,NA
"61","010039000112","MDR_00010213","ES",522,522,NA,NA,0,NA
"62","010192000695","MDR_00011255","ES",732,1115,NA,NA,1,NA
"63","010192000702","MDR_00011358","HS",750,750,NA,NA,0,NA
"64","010195000756","MDR_00012522","ES",747,747,NA,NA,0,NA
"65","010195000756","MDR_00012522","MS",747,747,NA,NA,0,NA
"66","010201000765","MDR_00012699","HS",1310,1310,NA,NA,0,NA
"67","010237000932","MDR_00015275","ES",610,610,NA,NA,0,NA
"68","010282001119","MDR_00017546","HS",433,433,NA,NA,0,NA
"69","010265001573","MDR_00017962","HS",1119,1121,NA,NA,0,NA
"70","010309001592","MDR_00018277","MS",140,142,120,115,0,0
"71","050000100218","MDR_00020141","ES",478,498,NA,NA,0,NA
"72","050228000007","MDR_00021054","MS",234,234,NA,NA,0,NA
"73","050621001230","MDR_00023818","ES",424,448,NA,NA,0,NA
"74","050621000335","MDR_00023820","MS",330,330,NA,NA,0,NA
"75","050547000259","MDR_00024147","HS",324,324,NA,NA,0,NA
"76","050007000768","MDR_00026377","HS",402,401,401,356,0,0
"77","050002001298","MDR_00026432","MS",245,245,NA,NA,0,NA
"78","051113000837","MDR_00028375","HS",312,312,325,327,0,0
"79","050002901275","MDR_00029252","ES",630,630,600,564,0,0
"80","050951000694","MDR_00030615","HS",167,167,NA,NA,0,NA
"81","050004801348","MDR_00030861","HS",302,302,NA,NA,0,NA
"82","051068000783","MDR_00031932","ES",312,372,NA,NA,0,NA
"83","051185000940","MDR_00032522","ES",388,408,397,372,0,0
"84","050007601643","MDR_00033760","ES",152,152,NA,NA,0,NA
"85","050633000358","MDR_00033875","MS",852,852,780,775,0,0
"86","050612000324","MDR_00035380","MS",670,670,NA,NA,0,NA
"87","050348000106","MDR_00035811","ES",244,283,NA,NA,0,NA
"88","050007901521","MDR_00036437","MS",531,531,NA,NA,0,NA
"89","040713001044","MDR_00036528","HS",366,383,NA,NA,0,NA
"90","040308000241","MDR_00037716","ES",124,122,NA,NA,0,NA
"91","040373000293","MDR_00037998","HS",82,93,90,82,0,0
"92","040084000044","MDR_00038667","ES",250,260,256,288,0,0
"93","040168000089","MDR_00038825","MS",676,703,NA,NA,0,NA
"94","040432000343","MDR_00039714","ES",597,649,NA,NA,0,NA
"95","040630000531","MDR_00040804","MS",547,500,NA,NA,0,NA
"96","040401000322","MDR_00043052","HS",168,135,NA,NA,0,NA
"97","040880000869","MDR_00044587","MS",348,343,NA,NA,0,NA
"98","040274000203","MDR_00045593","ES",126,125,118,119,0,0
"99","040000500629","MDR_00046858","MS",110,118,NA,NA,0,NA
"100","061440001684","MDR_00048234","ES",910,910,926,884,0,0
"101","060240504288","MDR_00049719","ES",484,484,485,471,0,0
"102","062805004266","MDR_00049977","ES",461,461,450,452,0,0
"103","064254006964","MDR_00053203","MS",615,615,626,612,0,0
"104","062637008916","MDR_00054283","MS",936,936,NA,NA,0,NA
"105","063255005022","MDR_00054867","HS",1605,1605,NA,NA,0,NA
"106","063255005056","MDR_00055201","ES",367,367,NA,NA,0,NA
"107","061077001199","MDR_00055938","MS",262,262,251,232,0,0
"108","061455001780","MDR_00057792","ES",735,735,NA,NA,0,NA
"109","060797007674","MDR_00058992","ES",698,698,NA,NA,0,NA
"110","062244002693","MDR_00061810","HS",94,94,NA,NA,0,NA
"111","060363000302","MDR_00062084","ES",580,580,479,527,0,0
"112","061329011599","MDR_00062840","MS",589,598,NA,NA,0,NA
"113","063888006529","MDR_00064020","HS",1212,1212,NA,NA,0,NA
"114","063227007335","MDR_00064707","HS",653,653,750,745,0,0
"115","062007002403","MDR_00064886","MS",724,724,NA,NA,0,NA
"116","062067002485","MDR_00064927","ES",485,450,NA,NA,0,NA
"117","062067002487","MDR_00064939","ES",527,527,535,500,0,0
"118","060162000005","MDR_00065567","ES",505,505,NA,NA,0,NA
"119","060162000004","MDR_00065581","ES",669,669,NA,NA,0,NA
"120","060162000011","MDR_00065646","ES",519,519,NA,NA,0,NA
"121","060015310945","MDR_00065828","ES",513,513,810,791,0,1
"122","060444000404","MDR_00066690","ES",491,491,NA,NA,0,NA
"123","060444000397","MDR_00066717","ES",663,663,NA,NA,0,NA
"124","061185001312","MDR_00068662","MS",1154,1154,NA,NA,0,NA
"125","062013002408","MDR_00070873","HS",1383,2069,NA,NA,1,NA
"126","062250002733","MDR_00071827","HS",3267,3267,NA,NA,0,NA
"127","062271002897","MDR_00072558","MS",880,880,NA,NA,0,NA
"128","062271002992","MDR_00072699","ES",473,473,NA,NA,0,NA
"129","062271003330","MDR_00072986","HS",2549,2549,NA,NA,0,NA
"130","062271003170","MDR_00074427","ES",489,489,NA,NA,0,NA
"131","062271003017","MDR_00075275","MS",1863,1863,NA,NA,0,NA
"132","062271003206","MDR_00075861","ES",391,391,NA,NA,0,NA
"133","062271003139","MDR_00076360","HS",1103,1103,NA,NA,0,NA
"134","062271003118","MDR_00076712","ES",792,792,705,650,0,1
"135","062271003115","MDR_00077182","ES",998,998,NA,NA,0,NA
"136","062271003111","MDR_00078368","ES",415,415,NA,NA,0,NA
"137","062301003509","MDR_00078734","ES",470,470,441,482,0,0
"138","062301003512","MDR_00078772","MS",805,805,NA,NA,0,NA
"139","062619003911","MDR_00079453","ES",474,474,NA,NA,0,NA
"140","063132004850","MDR_00080919","ES",352,352,300,300,0,0
"141","063375005211","MDR_00081444","ES",530,530,NA,NA,0,NA
"142","063570006091","MDR_00081688","ES",582,582,NA,NA,0,NA
"143","063750006334","MDR_00082060","ES",696,696,580,586,0,1
"144","063942006572","MDR_00082606","HS",153,153,NA,NA,0,NA
"145","060236000125","MDR_00088375","ES",169,169,NA,NA,0,NA
"146","062052002473","MDR_00089056","MS",157,157,NA,NA,0,NA
"147","061407001614","MDR_00090299","ES",407,407,NA,NA,0,NA
"148","060342000260","MDR_00090768","MS",741,741,729,725,0,0
"149","061215001368","MDR_00090926","ES",158,158,NA,NA,0,NA
"150","061187001327","MDR_00091786","MS",95,95,NA,NA,0,NA
"151","063398005337","MDR_00092936","MS",1221,1221,NA,NA,0,NA
"152","063386005295","MDR_00094207","ES",575,575,NA,NA,0,NA
"153","060263000184","MDR_00094817","MS",871,871,795,793,0,0
"154","061422001630","MDR_00095689","ES",525,525,505,505,0,0
"155","062019002414","MDR_00097027","ES",454,454,NA,NA,0,NA
"156","062343003558","MDR_00097194","ES",463,463,NA,NA,0,NA
"157","060243000130","MDR_00100753","ES",493,493,NA,NA,0,NA
"158","061111001226","MDR_00101501","HS",2034,2034,NA,NA,0,NA
"159","060133201984","MDR_00103573","MS",621,621,NA,NA,0,NA
"160","063462005756","MDR_00105088","HS",2079,2079,NA,NA,0,NA
"161","063462005807","MDR_00105624","ES",333,333,NA,NA,0,NA
"162","061392009543","MDR_00107842","ES",400,400,NA,NA,0,NA
"163","063207004947","MDR_00108731","ES",639,639,NA,NA,0,NA
"164","060681000604","MDR_00110198","ES",600,600,NA,NA,0,NA
"165","060681000614","MDR_00110277","ES",657,657,NA,NA,0,NA
"166","061291001467","MDR_00111130","HS",2202,2202,2012,2100,0,1
"167","062667004044","MDR_00111946","ES",499,499,NA,NA,0,NA
"168","063171004907","MDR_00112421","ES",425,425,349,371,0,0
"169","063488005894","MDR_00112512","MS",1075,1075,990,998,0,0
"170","063432005449","MDR_00112952","ES",387,387,360,356,0,0
"171","063432005488","MDR_00113308","ES",280,280,NA,NA,0,NA
"172","063432005553","MDR_00113944","ES",663,663,NA,NA,0,NA
"173","063432005568","MDR_00114077","ES",259,232,NA,NA,0,NA
"174","063864006479","MDR_00114601","HS",2398,2398,NA,NA,0,NA
"175","063441005602","MDR_00116350","HS",150,152,NA,NA,0,NA
"176","063441005669","MDR_00117249","ES",115,103,NA,NA,0,NA
"177","063288005112","MDR_00119821","HS",1000,1000,NA,NA,0,NA
"178","060606000541","MDR_00121501","ES",213,213,NA,NA,0,NA
"179","063213004973","MDR_00122701","MS",711,711,NA,NA,0,NA
"180","063639006196","MDR_00123298","HS",201,201,215,220,0,0
"181","063753006354","MDR_00123535","ES",500,500,NA,NA,0,NA
"182","060714000654","MDR_00125301","MS",998,998,NA,NA,0,NA
"183","061029008815","MDR_00125662","ES",636,636,486,495,0,1
"184","061182001305","MDR_00126111","HS",1730,1730,NA,NA,0,NA
"185","062280003487","MDR_00126800","HS",1368,1368,NA,NA,0,NA
"186","062781004209","MDR_00127622","MS",634,634,NA,NA,0,NA
"187","062961004594","MDR_00127983","ES",433,433,NA,NA,0,NA
"188","063459005745","MDR_00128547","ES",765,765,NA,NA,0,NA
"189","060231000113","MDR_00129656","ES",356,356,310,288,0,0
"190","061336001527","MDR_00132639","MS",561,561,NA,NA,0,NA
"191","062205002613","MDR_00136415","MS",119,119,108,110,0,0
"192","063225004979","MDR_00137172","MS",181,182,NA,NA,0,NA
"193","061176001298","MDR_00137873","MS",544,544,NA,NA,0,NA
"194","063987006612","MDR_00138712","ES",685,685,NA,NA,0,NA
"195","064020007475","MDR_00139522","MS",270,270,NA,NA,0,NA
"196","063684006255","MDR_00140662","MS",956,1005,NA,NA,0,NA
"197","063684006268","MDR_00140791","HS",2107,2107,NA,NA,0,NA
"198","064098006768","MDR_00141446","HS",2074,2074,NA,NA,0,NA
"199","064308006999","MDR_00141927","ES",324,324,NA,NA,0,NA
"200","080195000013","MDR_00142505","ES",477,477,NA,NA,0,NA
"201","080690001192","MDR_00143016","HS",1608,1608,NA,NA,0,NA
"202","080690006303","MDR_00143054","ES",513,513,NA,NA,0,NA
"203","080525000868","MDR_00144814","HS",211,138,NA,NA,0,NA
"204","080537000912","MDR_00145492","HS",397,397,NA,NA,0,NA
"205","080369000481","MDR_00148743","MS",254,144,NA,NA,1,NA
"206","080294000209","MDR_00148975","MS",597,597,1265,1246,0,1
"207","080306000224","MDR_00149058","ES",234,234,NA,NA,0,NA
"208","080432000594","MDR_00150617","ES",267,267,NA,NA,0,NA
"209","080708001845","MDR_00150837","ES",315,315,NA,NA,0,NA
"210","080480000797","MDR_00152392","HS",42,42,NA,NA,0,NA
"211","080729006394","MDR_00155368","MS",157,105,NA,NA,0,NA
"212","080384000501","MDR_00155758","ES",153,153,142,140,0,0
"213","080570000974","MDR_00157316","ES",139,139,NA,NA,0,NA
"214","080495001697","MDR_00158413","MS",250,250,NA,NA,0,NA
"215","090186000342","MDR_00169498","MS",876,876,845,852,0,0
"216","090252000472","MDR_00169840","HS",816,816,852,821,0,0
"217","090474000953","MDR_00171116","ES",325,325,NA,NA,0,NA
"218","090528001106","MDR_00171776","ES",383,383,NA,NA,0,NA
"219","090000201141","MDR_00171867","HS",648,648,692,676,0,0
"220","090039000038","MDR_00172122","ES",170,185,165,166,0,0
"221","090084000135","MDR_00172158","HS",772,772,700,700,0,0
"222","090219000403","MDR_00172586","ES",419,419,427,426,0,0
"223","090282000594","MDR_00172744","ES",536,536,NA,NA,0,NA
"224","090312000677","MDR_00172988","ES",298,298,NA,NA,0,NA
"225","090438000877","MDR_00173176","MS",468,468,NA,NA,0,NA
"226","090486000994","MDR_00173267","MS",586,586,NA,NA,0,NA
"227","090003010001","MDR_00173700","ES",190,195,NA,NA,0,NA
"228","090429000847","MDR_00174118","ES",148,148,NA,NA,0,NA
"229","110003000019","MDR_00175253","MS",242,289,NA,NA,0,NA
"230","100081000365","MDR_00180882","MS",631,713,1426,1452,0,1
"231","120006000035","MDR_00181496","HS",1367,1367,NA,NA,0,NA
"232","120015000081","MDR_00181991","ES",837,837,NA,NA,0,NA
"233","120018000210","MDR_00183688","MS",1535,1609,NA,NA,0,NA
"234","120021000293","MDR_00184369","MS",671,670,NA,NA,0,NA
"235","120039000563","MDR_00186032","MS",625,625,NA,NA,0,NA
"236","120039000607","MDR_00186214","HS",1358,1358,NA,NA,0,NA
"237","120039000392","MDR_00186446","ES",901,901,NA,NA,0,NA
"238","120039000601","MDR_00186680","HS",1498,1498,NA,NA,0,NA
"239","120039000412","MDR_00186903","ES",359,359,NA,NA,0,NA
"240","120039000518","MDR_00187115","MS",735,735,NA,NA,0,NA
"241","120048000640","MDR_00189058","ES",439,439,NA,NA,0,NA
"242","120051002995","MDR_00190485","HS",530,530,NA,NA,0,NA
"243","120051000812","MDR_00190667","HS",2124,2124,NA,NA,0,NA
"244","120075000879","MDR_00191489","ES",343,343,294,302,0,0
"245","120087000983","MDR_00192548","MS",911,917,NA,NA,0,NA
"246","120087001041","MDR_00193102","ES",688,690,580,620,0,0
"247","120090001047","MDR_00193267","ES",433,433,NA,NA,0,NA
"248","120105001115","MDR_00193877","ES",292,292,NA,NA,0,NA
"249","120108001144","MDR_00194405","ES",605,605,NA,NA,0,NA
"250","120120002212","MDR_00195007","HS",515,515,NA,NA,0,NA
"251","120126003005","MDR_00195435","MS",668,665,664,640,0,0
"252","120144001433","MDR_00197017","ES",471,471,NA,NA,0,NA
"253","120147001473","MDR_00198047","HS",2412,2176,1995,2200,1,1
"254","120153001568","MDR_00199209","MS",1055,1053,NA,NA,0,NA
"255","120153001575","MDR_00199338","ES",699,699,NA,NA,0,NA
"256","120156003108","MDR_00199821","MS",794,794,NA,NA,0,NA
"257","120156001674","MDR_00200286","MS",1151,1150,NA,NA,0,NA
"258","120156001696","MDR_00200511","MS",978,978,NA,NA,0,NA
"259","120159001784","MDR_00201199","HS",118,0,NA,NA,1,NA
"260","120159001718","MDR_00201383","ES",548,548,520,516,0,0
"261","120159001716","MDR_00201412","ES",757,757,671,685,0,0
"262","120159001725","MDR_00201541","MS",1212,1212,NA,NA,0,NA
"263","120171001891","MDR_00203836","ES",812,812,NA,NA,0,NA
"264","130102000388","MDR_00207870","HS",1052,1052,NA,NA,0,NA
"265","130138000590","MDR_00210451","ES",442,442,NA,NA,0,NA
"266","130141000606","MDR_00210657","ES",735,735,NA,NA,0,NA
"267","130141000602","MDR_00210671","ES",780,780,834,832,0,0
"268","130174000639","MDR_00211558","HS",1088,1088,NA,NA,0,NA
"269","130174000692","MDR_00211560","HS",1762,1762,1707,1750,0,0
"270","130228002001","MDR_00216273","ES",801,801,679,688,0,1
"271","130255001130","MDR_00217746","ES",1327,1327,NA,NA,0,NA
"272","130261001162","MDR_00218283","HS",1251,1251,NA,NA,0,NA
"273","130315001279","MDR_00219720","HS",1581,1581,NA,NA,0,NA
"274","130189003887","MDR_00219990","HS",1272,1272,NA,NA,0,NA
"275","130399002226","MDR_00222014","ES",479,479,NA,NA,0,NA
"276","130438001567","MDR_00223238","HS",822,822,738,726,0,0
"277","130450001611","MDR_00223549","HS",562,562,580,600,0,0
"278","130498001686","MDR_00224701","ES",495,495,NA,NA,0,NA
"279","130000101964","MDR_00225200","HS",1304,1304,NA,NA,0,NA
"280","150003000113","MDR_00227507","ES",547,555,542,533,0,0
"281","150003000070","MDR_00229701","ES",577,580,574,595,0,0
"282","190513000156","MDR_00231338","HS",649,649,NA,NA,0,NA
"283","191458000869","MDR_00232069","ES",398,398,NA,NA,0,NA
"284","192727001592","MDR_00234653","HS",189,189,577,600,0,1
"285","190948000603","MDR_00236601","ES",314,314,NA,NA,0,NA
"286","191347000813","MDR_00238348","HS",420,420,NA,NA,0,NA
"287","193168001845","MDR_00240999","MS",551,551,NA,NA,0,NA
"288","191869002245","MDR_00243654","ES",315,315,NA,NA,0,NA
"289","191248000758","MDR_00244206","HS",130,130,NA,NA,0,NA
"290","192247001508","MDR_00244775","ES",475,475,NA,NA,0,NA
"291","190004000121","MDR_00245200","MS",337,337,NA,NA,0,NA
"292","190897000517","MDR_00247703","MS",729,729,NA,NA,0,NA
"293","190858000457","MDR_00250475","ES",280,280,NA,NA,0,NA
"294","190575000177","MDR_00254237","HS",119,119,NA,NA,0,NA
"295","190468002090","MDR_00255877","ES",383,383,366,338,0,0
"296","160036000078","MDR_00256479","ES",584,585,NA,NA,0,NA
"297","160153000269","MDR_00258271","ES",386,388,365,415,0,0
"298","160252000440","MDR_00259407","HS",361,358,NA,NA,0,NA
"299","160267000489","MDR_00260731","MS",820,818,NA,NA,0,NA
"300","160186000330","MDR_00261709","ES",439,439,NA,NA,0,NA
"301","160282000501","MDR_00262076","ES",172,172,NA,NA,0,NA
"302","173267003388","MDR_00263977","ES",222,218,NA,NA,0,NA
"303","171341001632","MDR_00265585","HS",290,79,NA,NA,1,NA
"304","170393000079","MDR_00266955","ES",172,183,NA,NA,0,NA
"305","171845002131","MDR_00270140","ES",294,240,NA,NA,0,NA
"306","172310002549","MDR_00270877","MS",435,439,NA,NA,0,NA
"307","173120003250","MDR_00273207","MS",444,434,NA,NA,0,NA
"308","173381003472","MDR_00273532","MS",665,671,NA,NA,0,NA
"309","170993001186","MDR_00275657","ES",330,320,NA,NA,0,NA
"310","170993000826","MDR_00275798","ES",385,324,NA,NA,0,NA
"311","170993000893","MDR_00275889","HS",785,725,NA,NA,0,NA
"312","170993000637","MDR_00277033","ES",398,428,NA,NA,0,NA
"313","170993000612","MDR_00279093","ES",771,807,NA,NA,0,NA
"314","170993000784","MDR_00279665","MS",749,805,NA,NA,0,NA
"315","170993000942","MDR_00280030","HS",4488,4500,NA,NA,0,NA
"316","170993000905","MDR_00280042","MS",495,523,NA,NA,0,NA
"317","170993000983","MDR_00280406","MS",543,555,NA,NA,0,NA
"318","170993001039","MDR_00280585","ES",831,847,NA,NA,0,NA
"319","170993001117","MDR_00280949","ES",224,262,NA,NA,0,NA
"320","172320002554","MDR_00290360","MS",291,300,NA,NA,0,NA
"321","172550002763","MDR_00290683","ES",208,205,210,208,0,0
"322","172771002931","MDR_00290736","ES",668,660,670,671,0,0
"323","173297003413","MDR_00291132","ES",490,383,420,420,1,0
"324","174035004055","MDR_00291364","ES",398,432,NA,NA,0,NA
"325","170021703615","MDR_00292992","ES",553,501,NA,NA,0,NA
"326","173798003891","MDR_00297289","HS",176,171,176,160,0,0
"327","171371001664","MDR_00298166","MS",690,666,NA,NA,0,NA
"328","174396004361","MDR_00299811","ES",257,267,NA,NA,0,NA
"329","171221001475","MDR_00300680","MS",423,309,300,300,1,0
"330","172190002460","MDR_00301397","HS",1819,1786,NA,NA,0,NA
"331","172280002525","MDR_00301464","ES",486,482,NA,NA,0,NA
"332","173499003665","MDR_00301892","MS",896,879,NA,NA,0,NA
"333","173030003136","MDR_00303187","ES",309,272,NA,NA,0,NA
"334","172049002318","MDR_00305680","ES",422,463,406,406,0,0
"335","172529002759","MDR_00305800","ES",563,593,NA,NA,0,NA
"336","170000505190","MDR_00306309","ES",218,228,NA,NA,0,NA
"337","170399000085","MDR_00306842","HS",281,252,NA,NA,0,NA
"338","171353001641","MDR_00308644","ES",333,356,337,335,0,0
"339","171728002034","MDR_00308785","ES",371,401,393,387,0,0
"340","171899002180","MDR_00308967","MS",677,647,577,576,0,0
"341","171920002203","MDR_00311031","ES",220,202,144,140,0,0
"342","173156003324","MDR_00314174","ES",156,145,NA,NA,0,NA
"343","171329001583","MDR_00315271","HS",725,745,NA,NA,0,NA
"344","172494003240","MDR_00317334","ES",811,818,NA,NA,0,NA
"345","173192003349","MDR_00318821","HS",420,389,NA,NA,0,NA
"346","173395003488","MDR_00324363","HS",277,278,NA,NA,0,NA
"347","172058002332","MDR_00324961","ES",280,305,281,280,0,0
"348","170921000529","MDR_00325317","ES",372,372,NA,NA,0,NA
"349","173451003607","MDR_00327456","ES",754,779,NA,NA,0,NA
"350","181299002064","MDR_00331720","ES",440,440,NA,NA,0,NA
"351","180723001215","MDR_00333871","ES",648,648,NA,NA,0,NA
"352","180327000438","MDR_00334796","MS",758,758,720,681,0,0
"353","180348000493","MDR_00334928","ES",450,450,NA,NA,0,NA
"354","180741001271","MDR_00335489","MS",950,950,869,868,0,0
"355","180204000255","MDR_00338405","HS",610,610,610,610,0,0
"356","180471000788","MDR_00338558","ES",377,377,362,370,0,0
"357","180762001306","MDR_00339734","ES",479,479,510,525,0,0
"358","180477002510","MDR_00344947","ES",536,536,495,500,0,0
"359","180477000884","MDR_00345680","ES",242,242,NA,NA,0,NA
"360","181092001784","MDR_00346294","MS",283,283,281,308,0,0
"361","180609001077","MDR_00348204","ES",584,584,571,560,0,0
"362","180890001483","MDR_00350128","ES",284,284,293,293,0,0
"363","181029001649","MDR_00352023","HS",924,924,NA,NA,0,NA
"364","180016502590","MDR_00353302","HS",504,504,NA,NA,0,NA
"365","180627001102","MDR_00355673","ES",355,355,294,295,0,0
"366","200855000038","MDR_00358651","MS",238,238,NA,NA,0,NA
"367","200372000704","MDR_00361036","HS",420,420,NA,NA,0,NA
"368","200001400453","MDR_00362353","MS",272,271,NA,NA,0,NA
"369","201185001885","MDR_00365410","ES",552,585,526,503,0,0
"370","201200000112","MDR_00365446","HS",1613,1582,NA,NA,0,NA
"371","200807001985","MDR_00365678","ES",141,136,NA,NA,0,NA
"372","200477001493","MDR_00365915","MS",189,91,NA,NA,0,NA
"373","201128002033","MDR_00369961","HS",104,134,NA,NA,0,NA
"374","201065000604","MDR_00370087","ES",240,240,NA,NA,0,NA
"375","200654000381","MDR_00372877","HS",876,876,NA,NA,0,NA
"376","201226001451","MDR_00375221","ES",263,279,NA,NA,0,NA
"377","201226001456","MDR_00375269","ES",392,392,375,393,0,0
"378","200753000966","MDR_00375556","HS",188,188,NA,NA,0,NA
"379","200786001145","MDR_00375922","MS",185,185,201,195,0,0
"380","200390000736","MDR_00376043","ES",238,242,NA,NA,0,NA
"381","201044000738","MDR_00376146","ES",183,203,NA,NA,0,NA
"382","200795001428","MDR_00377437","ES",538,538,475,521,0,0
"383","201236001520","MDR_00377944","MS",610,610,585,580,0,0
"384","210015000023","MDR_00379710","MS",770,778,698,690,0,0
"385","210144000291","MDR_00380109","HS",555,528,NA,NA,0,NA
"386","210291001719","MDR_00380317","MS",311,332,305,320,0,0
"387","210201000441","MDR_00384038","ES",460,448,483,409,0,0
"388","210254000532","MDR_00385317","MS",329,338,NA,NA,0,NA
"389","210254002213","MDR_00385367","HS",1068,1037,NA,NA,0,NA
"390","210264000563","MDR_00385628","ES",220,232,210,220,0,0
"391","210299000751","MDR_00387755","ES",332,344,NA,NA,0,NA
"392","210309000812","MDR_00389894","ES",590,595,NA,NA,0,NA
"393","210396001013","MDR_00392592","MS",339,364,NA,NA,0,NA
"394","210465001144","MDR_00392619","MS",679,677,NA,NA,0,NA
"395","210425001057","MDR_00393962","ES",581,626,555,555,0,0
"396","210480001179","MDR_00395128","HS",622,588,535,500,0,0
"397","220003000007","MDR_00397750","MS",490,490,NA,NA,0,NA
"398","220003000013","MDR_00397815","ES",631,619,NA,NA,0,NA
"399","220009000042","MDR_00398041","MS",342,342,292,300,0,0
"400","220015000069","MDR_00398352","ES",685,682,NA,NA,0,NA
"401","220030000154","MDR_00399136","ES",409,409,NA,NA,0,NA
"402","220030002424","MDR_00399459","ES",667,660,NA,NA,0,NA
"403","220030000197","MDR_00399552","HS",1615,1615,NA,NA,0,NA
"404","220025702400","MDR_00401284","HS",354,NA,NA,NA,NA,NA
"405","220063000483","MDR_00402898","ES",470,525,NA,NA,0,NA
"406","220069000497","MDR_00403062","ES",189,189,143,145,0,0
"407","220069000504","MDR_00403127","ES",252,249,221,215,0,0
"408","220072000522","MDR_00403294","ES",705,697,NA,NA,0,NA
"409","220084002298","MDR_00403725","ES",378,377,410,408,0,0
"410","220102000758","MDR_00406375","HS",1621,1621,NA,NA,0,NA
"411","220120001939","MDR_00410247","HS",1132,1132,1151,1094,0,0
"412","220120000993","MDR_00410326","ES",538,538,490,493,0,0
"413","220135001098","MDR_00411772","ES",111,166,NA,NA,0,NA
"414","220138001107","MDR_00411863","MS",564,564,NA,NA,0,NA
"415","220156001185","MDR_00412855","ES",287,283,258,258,0,0
"416","250675000978","MDR_00417221","MS",459,459,425,431,0,0
"417","250816001273","MDR_00417257","MS",553,553,NA,NA,0,NA
"418","250174000015","MDR_00417958","MS",443,443,NA,NA,0,NA
"419","250420000400","MDR_00418237","MS",406,406,416,388,0,0
"420","250480000640","MDR_00418469","ES",392,392,307,319,0,0
"421","251059001696","MDR_00419671","ES",460,460,NA,NA,0,NA
"422","250399000531","MDR_00421193","ES",357,357,NA,NA,0,NA
"423","250627000910","MDR_00425412","MS",362,362,281,300,0,0
"424","250705001055","MDR_00425606","MS",612,612,587,535,0,0
"425","250885001430","MDR_00427824","MS",622,622,598,576,0,0
"426","251092001754","MDR_00427989","HS",568,568,552,551,0,0
"427","250498000728","MDR_00429767","ES",511,511,NA,NA,0,NA
"428","250624000894","MDR_00430077","HS",843,843,810,811,0,0
"429","250717001345","MDR_00430962","MS",927,927,807,928,0,0
"430","250999001612","MDR_00432398","MS",500,500,NA,NA,0,NA
"431","251305002159","MDR_00433859","ES",391,391,NA,NA,0,NA
"432","250378000518","MDR_00435156","MS",469,469,NA,NA,0,NA
"433","250987001220","MDR_00436289","ES",544,544,NA,NA,0,NA
"434","250747001148","MDR_00438366","ES",250,250,NA,NA,0,NA
"435","251017001640","MDR_00439229","ES",290,290,NA,NA,0,NA
"436","251242002039","MDR_00439528","MS",631,631,NA,NA,0,NA
"437","250279000205","MDR_00439841","HS",1589,1589,NA,NA,0,NA
"438","250279000269","MDR_00440694","MS",317,317,NA,NA,0,NA
"439","250423000570","MDR_00445321","HS",366,366,346,340,0,0
"440","251239002034","MDR_00447408","ES",408,408,NA,NA,0,NA
"441","240012000454","MDR_00450871","ES",482,477,NA,NA,0,NA
"442","240012000388","MDR_00451447","ES",431,419,NA,NA,0,NA
"443","240012000430","MDR_00451899","ES",414,424,NA,NA,0,NA
"444","240009000151","MDR_00454425","HS",1593,1584,NA,NA,0,NA
"445","240024001491","MDR_00456368","ES",309,305,NA,NA,0,NA
"446","240033000653","MDR_00457233","ES",494,508,NA,NA,0,NA
"447","240036000852","MDR_00457415","ES",323,308,NA,NA,0,NA
"448","240045001695","MDR_00458378","ES",344,326,295,297,0,0
"449","240048000794","MDR_00459956","ES",627,604,NA,NA,0,NA
"450","240051001176","MDR_00462238","ES",585,557,418,460,0,1
"451","240063001250","MDR_00463816","ES",103,101,NA,NA,0,NA
"452","231480523152","MDR_00465058","ES",393,393,370,370,0,0
"453","231071000346","MDR_00467070","HS",574,574,NA,NA,0,NA
"454","230321000079","MDR_00468660","ES",270,259,244,249,0,0
"455","231296000594","MDR_00468866","MS",128,125,NA,NA,0,NA
"456","230005300504","MDR_00469731","HS",710,712,695,720,0,0
"457","231476500807","MDR_00470704","ES",100,112,NA,NA,0,NA
"458","231314000384","MDR_00471851","MS",144,144,NA,NA,0,NA
"459","231152000474","MDR_00473392","MS",291,291,NA,NA,0,NA
"460","231143000466","MDR_00473835","MS",310,310,NA,NA,0,NA
"461","261215004925","MDR_00479956","ES",279,279,NA,NA,0,NA
"462","263099006724","MDR_00480785","MS",550,556,NA,NA,0,NA
"463","262715006323","MDR_00481210","MS",328,328,NA,NA,0,NA
"464","263288006836","MDR_00485694","ES",228,228,209,205,0,0
"465","260828004388","MDR_00486480","MS",262,262,246,250,0,0
"466","261848005533","MDR_00487094","ES",386,386,360,365,0,0
"467","262115005828","MDR_00487537","ES",592,252,122,142,1,1
"468","263102006733","MDR_00491318","MS",333,323,NA,NA,0,NA
"469","263372006918","MDR_00495895","HS",774,774,NA,NA,0,NA
"470","261008004491","MDR_00496837","HS",367,367,NA,NA,0,NA
"471","263267006819","MDR_00497453","MS",722,722,NA,NA,0,NA
"472","260801004374","MDR_00500892","HS",272,252,NA,NA,0,NA
"473","262954006544","MDR_00503595","HS",1129,1129,NA,NA,0,NA
"474","260585004217","MDR_00504290","HS",1377,1348,NA,NA,0,NA
"475","261407005033","MDR_00504953","ES",336,320,NA,NA,0,NA
"476","262229008591","MDR_00505892","ES",431,431,320,317,0,1
"477","263030006642","MDR_00506822","ES",486,486,467,467,0,0
"478","263582007176","MDR_00508014","ES",333,333,426,432,0,0
"479","262655006301","MDR_00508636","MS",265,270,290,287,0,0
"480","261842000026","MDR_00509642","ES",692,692,NA,NA,0,NA
"481","261842001628","MDR_00509678","ES",255,255,259,240,0,0
"482","263591007194","MDR_00510031","HS",2184,2184,2275,2270,0,0
"483","261583005233","MDR_00510512","MS",374,374,NA,NA,0,NA
"484","260219003960","MDR_00512417","MS",679,679,690,690,0,0
"485","263309006860","MDR_00513320","MS",736,736,NA,NA,0,NA
"486","260704004301","MDR_00513590","MS",368,368,363,368,0,0
"487","262247005963","MDR_00513978","HS",455,454,NA,NA,0,NA
"488","262790006365","MDR_00514453","HS",400,400,350,335,0,0
"489","261605005256","MDR_00515184","HS",387,387,NA,NA,0,NA
"490","262124005847","MDR_00515304","HS",291,291,NA,NA,0,NA
"491","260110304775","MDR_00519972","ES",468,468,NA,NA,0,NA
"492","260110304799","MDR_00520361","ES",290,290,NA,NA,0,NA
"493","261293004990","MDR_00520505","ES",321,321,400,385,0,0
"494","273333001464","MDR_00527917","HS",1746,1746,2011,2040,0,1
"495","270444000196","MDR_00528296","ES",417,227,NA,NA,1,NA
"496","270807000330","MDR_00530146","ES",488,488,NA,NA,0,NA
"497","270038204738","MDR_00532467","ES",295,180,520,505,1,1
"498","270297000077","MDR_00533289","ES",347,347,305,302,0,0
"499","270330000137","MDR_00533772","HS",300,129,NA,NA,1,NA
"500","271422000737","MDR_00534271","ES",757,757,623,630,0,1
"501","272397001189","MDR_00537974","MS",462,263,NA,NA,1,NA
"502","271386000712","MDR_00542606","HS",356,168,352,386,1,1
"503","272385001174","MDR_00544381","HS",1672,1672,NA,NA,0,NA
"504","273243001388","MDR_00544484","ES",420,420,NA,NA,0,NA
"505","270354000163","MDR_00547981","MS",147,118,NA,NA,0,NA
"506","271752000804","MDR_00552156","HS",592,592,NA,NA,0,NA
"507","273819001663","MDR_00553045","ES",464,433,NA,NA,0,NA
"508","273360001505","MDR_00553215","HS",502,502,1010,1010,0,1
"509","291002000318","MDR_00554879","ES",153,151,NA,NA,0,NA
"510","293107002152","MDR_00555732","HS",381,378,NA,NA,0,NA
"511","292967002051","MDR_00558643","ES",120,120,NA,NA,0,NA
"512","291266000530","MDR_00561236","HS",177,177,576,592,0,1
"513","290912000268","MDR_00561767","ES",212,209,NA,NA,0,NA
"514","292976002056","MDR_00562280","MS",444,441,NA,NA,0,NA
"515","292934002029","MDR_00562747","ES",321,193,NA,NA,1,NA
"516","292886001833","MDR_00563466","ES",350,345,321,332,0,0
"517","292277001256","MDR_00564161","ES",246,131,NA,NA,1,NA
"518","291199000446","MDR_00564848","ES",305,304,298,305,0,0
"519","292637001546","MDR_00565074","MS",375,398,NA,NA,0,NA
"520","291229000493","MDR_00565581","ES",319,319,315,326,0,0
"521","291548000724","MDR_00566171","HS",1570,1371,NA,NA,1,NA
"522","291640000887","MDR_00567187","ES",463,449,NA,NA,0,NA
"523","291830000977","MDR_00567230","ES",360,360,NA,NA,0,NA
"524","293150002185","MDR_00568789","ES",174,181,NA,NA,0,NA
"525","291443000675","MDR_00569173","HS",1128,1127,NA,NA,0,NA
"526","291365000592","MDR_00571621","ES",366,363,358,375,0,0
"527","292115001163","MDR_00572223","ES",90,88,NA,NA,0,NA
"528","290000401482","MDR_00572778","ES",227,246,NA,NA,0,NA
"529","292181001209","MDR_00573057","HS",1391,1299,NA,NA,0,NA
"530","290414000040","MDR_00573708","HS",400,220,240,240,1,0
"531","291083000367","MDR_00575419","ES",429,427,402,401,0,0
"532","292892001850","MDR_00576827","MS",697,692,NA,NA,0,NA
"533","290312000019","MDR_00576918","MS",179,176,341,340,0,1
"534","291362000583","MDR_00577986","HS",435,434,426,426,0,0
"535","292664002473","MDR_00579635","ES",421,420,NA,NA,0,NA
"536","292766001702","MDR_00585256","HS",240,240,538,538,0,1
"537","292151001181","MDR_00587632","ES",675,666,NA,NA,0,NA
"538","280051000038","MDR_00588129","ES",274,274,NA,NA,0,NA
"539","280102000115","MDR_00588791","MS",203,203,NA,NA,0,NA
"540","280129000178","MDR_00589355","MS",292,292,NA,NA,0,NA
"541","280174000281","MDR_00590160","ES",432,432,NA,NA,0,NA
"542","280219000422","MDR_00591229","ES",417,417,NA,NA,0,NA
"543","280195000336","MDR_00594829","ES",259,259,NA,NA,0,NA
"544","280352001354","MDR_00596516","MS",1079,1079,NA,NA,0,NA
"545","280261001472","MDR_00598174","MS",268,268,209,245,0,0
"546","280114001108","MDR_00598497","ES",272,272,NA,NA,0,NA
"547","300793000226","MDR_00600923","HS",500,510,NA,NA,0,NA
"548","301841000559","MDR_00600959","ES",212,269,NA,NA,0,NA
"549","302673001002","MDR_00605076","MS",210,27,211,210,1,0
"550","302420001110","MDR_00607139","ES",317,294,339,334,0,0
"551","301464000449","MDR_00607622","HS",71,60,NA,NA,0,NA
"552","300528000906","MDR_00608133","ES",498,510,NA,NA,0,NA
"553","300387000062","MDR_00609278","ES",369,336,NA,NA,0,NA
"554","310291000012","MDR_00610473","MS",286,286,NA,NA,0,NA
"555","310279000202","MDR_00610887","MS",113,113,NA,NA,0,NA
"556","317566001524","MDR_00611726","MS",472,472,NA,NA,0,NA
"557","317686001612","MDR_00613152","ES",343,343,NA,NA,0,NA
"558","310008000017","MDR_00619223","MS",365,155,NA,NA,1,NA
"559","317383001266","MDR_00620260","HS",232,232,NA,NA,0,NA
"560","317443001306","MDR_00622713","ES",222,222,NA,NA,0,NA
"561","317908001754","MDR_00625624","HS",200,200,NA,NA,0,NA
"562","370018000953","MDR_00628365","ES",434,430,410,403,0,0
"563","370039000119","MDR_00629046","ES",170,177,194,178,0,0
"564","370045000163","MDR_00629606","ES",458,456,NA,NA,0,NA
"565","370060000248","MDR_00630605","ES",546,558,NA,NA,0,NA
"566","370108000450","MDR_00633384","ES",229,251,NA,NA,0,NA
"567","370150000625","MDR_00635277","MS",944,935,NA,NA,0,NA
"568","370225000968","MDR_00638853","HS",1949,1922,2021,2100,0,1
"569","370276001140","MDR_00640480","ES",347,376,395,398,0,0
"570","370297001223","MDR_00641197","ES",579,699,570,654,1,0
"571","370297001244","MDR_00641393","HS",3589,3563,NA,NA,0,NA
"572","370333001381","MDR_00643080","MS",874,866,650,700,0,1
"573","370363001479","MDR_00644175","ES",537,534,499,507,0,0
"574","370363001482","MDR_00644204","MS",454,451,432,429,0,0
"575","370399001542","MDR_00645894","MS",617,613,NA,NA,0,NA
"576","370438001739","MDR_00647373","ES",157,170,NA,NA,0,NA
"577","370472001892","MDR_00648482","HS",1811,1790,NA,NA,0,NA
"578","370488001948","MDR_00649838","HS",1174,1157,NA,NA,0,NA
"579","370507002029","MDR_00650693","ES",208,203,176,179,0,0
"580","380001400058","MDR_00651984","ES",120,120,NA,NA,0,NA
"581","381941000679","MDR_00652897","ES",250,250,NA,NA,0,NA
"582","380813000269","MDR_00654297","ES",197,199,NA,NA,0,NA
"583","381609000560","MDR_00654510","ES",56,65,45,54,0,0
"584","381902000666","MDR_00657639","HS",385,385,NA,NA,0,NA
"585","381376000482","MDR_00660222","ES",70,25,NA,NA,0,NA
"586","330248000074","MDR_00663236","ES",68,68,NA,NA,0,NA
"587","330258000082","MDR_00664319","ES",531,531,NA,NA,0,NA
"588","340096000032","MDR_00666252","MS",611,597,NA,NA,0,NA
"589","340399000340","MDR_00667737","HS",798,811,NA,NA,0,NA
"590","340471000384","MDR_00667892","ES",302,285,360,366,0,0
"591","340477000406","MDR_00667983","ES",328,318,NA,NA,0,NA
"592","341128000628","MDR_00669149","ES",484,478,NA,NA,0,NA
"593","341218000676","MDR_00669448","ES",346,349,NA,NA,0,NA
"594","341602001250","MDR_00672586","ES",373,353,364,348,0,0
"595","340603001514","MDR_00674003","ES",642,666,NA,NA,0,NA
"596","341806001692","MDR_00674895","ES",350,338,350,328,0,0
"597","341680003031","MDR_00676881","ES",850,806,738,733,0,0
"598","340588002558","MDR_00683092","HS",518,523,NA,NA,0,NA
"599","340126002728","MDR_00684072","MS",723,685,NA,NA,0,NA
"600","340189002960","MDR_00685193","ES",97,91,NA,NA,0,NA
"601","340753003142","MDR_00686290","ES",442,418,NA,NA,0,NA
"602","340411003294","MDR_00688559","HS",2088,2077,NA,NA,0,NA
"603","340564003820","MDR_00691233","ES",436,443,NA,NA,0,NA
"604","340564003822","MDR_00691245","ES",501,489,431,433,0,0
"605","340972003952","MDR_00691946","ES",486,476,NA,NA,0,NA
"606","340252004170","MDR_00693190","MS",292,314,NA,NA,0,NA
"607","340000406017","MDR_00693243","ES",274,282,295,297,0,0
"608","340924004310","MDR_00693920","ES",316,302,277,278,0,0
"609","341065004334","MDR_00694039","ES",327,330,NA,NA,0,NA
"610","341248004432","MDR_00694613","HS",1060,1082,1056,1038,0,0
"611","341365004494","MDR_00694833","MS",1069,1032,NA,NA,0,NA
"612","340891004656","MDR_00695784","ES",117,116,NA,NA,0,NA
"613","340945004664","MDR_00695813","ES",249,243,NA,NA,0,NA
"614","341269004908","MDR_00697079","MS",935,783,NA,NA,1,NA
"615","341386004942","MDR_00697330","ES",267,246,NA,NA,0,NA
"616","340903005034","MDR_00698736","ES",163,160,NA,NA,0,NA
"617","341518000465","MDR_00700030","ES",423,431,NA,NA,0,NA
"618","341650005760","MDR_00702569","ES",575,556,NA,NA,0,NA
"619","350075000247","MDR_00704749","ES",384,384,NA,NA,0,NA
"620","350003000012","MDR_00708094","ES",501,501,485,487,0,0
"621","350207000483","MDR_00709749","HS",632,632,NA,NA,0,NA
"622","350237000535","MDR_00709775","ES",836,836,753,757,0,0
"623","350117000333","MDR_00711089","ES",475,475,NA,NA,0,NA
"624","320039000280","MDR_00713166","HS",2290,2304,NA,NA,0,NA
"625","361899001719","MDR_00714653","ES",305,305,NA,NA,0,NA
"626","362967003998","MDR_00714976","ES",569,569,NA,NA,0,NA
"627","362307003232","MDR_00718946","HS",230,231,NA,NA,0,NA
"628","361056000810","MDR_00719172","ES",414,414,NA,NA,0,NA
"629","362988004017","MDR_00722179","ES",326,326,NA,NA,0,NA
"630","360010705604","MDR_00723240","ES",545,545,NA,NA,0,NA
"631","361598001379","MDR_00728563","ES",226,226,NA,NA,0,NA
"632","360834000616","MDR_00728941","HS",408,417,NA,NA,0,NA
"633","362220003142","MDR_00729828","ES",182,181,185,186,0,0
"634","362337003269","MDR_00729842","HS",523,267,NA,NA,1,NA
"635","361194000961","MDR_00730774","MS",853,459,NA,NA,1,NA
"636","361992001819","MDR_00731235","MS",340,340,NA,NA,0,NA
"637","362271003196","MDR_00732409","HS",1391,1391,1329,1300,0,0
"638","362475003418","MDR_00733116","MS",665,662,NA,NA,0,NA
"639","362517004534","MDR_00733245","MS",594,594,NA,NA,0,NA
"640","362778003765","MDR_00733362","ES",383,383,NA,NA,0,NA
"641","360297000074","MDR_00734677","ES",487,487,NA,NA,0,NA
"642","361137000895","MDR_00734835","HS",360,360,NA,NA,0,NA
"643","361434001182","MDR_00736376","ES",281,281,NA,NA,0,NA
"644","361821001640","MDR_00737136","ES",375,375,NA,NA,0,NA
"645","362478003429","MDR_00738271","ES",165,165,NA,NA,0,NA
"646","362478003434","MDR_00738324","ES",312,311,NA,NA,0,NA
"647","362856003838","MDR_00738594","MS",851,851,913,933,0,0
"648","362985004007","MDR_00739005","ES",381,381,NA,NA,0,NA
"649","360009501937","MDR_00740860","HS",1261,1261,NA,NA,0,NA
"650","360007604868","MDR_00741723","ES",235,235,NA,NA,0,NA
"651","360007702468","MDR_00742026","MS",717,718,NA,NA,0,NA
"652","360008302135","MDR_00742882","ES",537,537,NA,NA,0,NA
"653","360008502285","MDR_00743331","ES",604,605,NA,NA,0,NA
"654","360008802342","MDR_00744311","ES",1504,1506,NA,NA,0,NA
"655","360009000227","MDR_00744488","ES",NA,1082,NA,NA,NA,NA
"656","360012002712","MDR_00746371","ES",872,874,NA,NA,0,NA
"657","360012102182","MDR_00747416","MS",335,335,NA,NA,0,NA
"658","360009802337","MDR_00747741","ES",604,605,552,526,0,0
"659","360012302265","MDR_00748575","ES",926,927,NA,NA,0,NA
"660","360012302460","MDR_00748719","MS",1119,1121,NA,NA,0,NA
"661","360010102506","MDR_00749311","MS",623,623,NA,NA,0,NA
"662","360010301970","MDR_00749684","MS",1038,1038,NA,NA,0,NA
"663","360010302189","MDR_00749983","ES",1081,1081,NA,NA,0,NA
"664","362514003476","MDR_00759756","HS",396,396,NA,NA,0,NA
"665","360000204761","MDR_00760028","MS",314,314,NA,NA,0,NA
"666","362490003445","MDR_00760432","ES",526,526,NA,NA,0,NA
"667","363063004119","MDR_00761266","HS",1469,1469,NA,NA,0,NA
"668","362859003859","MDR_00762349","ES",751,749,669,704,0,0
"669","361197000964","MDR_00763733","HS",605,603,NA,NA,0,NA
"670","362022001855","MDR_00763850","ES",344,344,NA,NA,0,NA
"671","360738000527","MDR_00764086","HS",604,604,NA,NA,0,NA
"672","362205003124","MDR_00765717","ES",422,422,NA,NA,0,NA
"673","360657000440","MDR_00766395","ES",411,411,NA,NA,0,NA
"674","362148003053","MDR_00767741","ES",413,413,390,385,0,0
"675","360393000153","MDR_00769476","ES",552,552,NA,NA,0,NA
"676","361023000796","MDR_00769622","ES",65,58,55,55,0,0
"677","362667003641","MDR_00769878","ES",579,579,544,560,0,0
"678","362493004369","MDR_00771041","ES",420,475,444,450,0,0
"679","360528000252","MDR_00772277","ES",721,721,NA,NA,0,NA
"680","362991004028","MDR_00778776","HS",322,322,NA,NA,0,NA
"681","361854001669","MDR_00779251","MS",305,305,NA,NA,0,NA
"682","361662001475","MDR_00780652","HS",993,994,NA,NA,0,NA
"683","362016001850","MDR_00781084","MS",423,424,NA,NA,0,NA
"684","362904003923","MDR_00782038","HS",306,305,NA,NA,0,NA
"685","362277003204","MDR_00783185","MS",369,369,NA,NA,0,NA
"686","390442201162","MDR_00783927","MS",380,381,405,382,0,0
"687","390457902345","MDR_00784000","HS",641,641,NA,NA,0,NA
"688","390454602225","MDR_00784270","HS",503,505,NA,NA,0,NA
"689","390440505575","MDR_00784725","ES",450,450,NA,NA,0,NA
"690","390440501003","MDR_00784737","HS",713,714,NA,NA,0,NA
"691","390435200103","MDR_00785092","ES",575,NA,NA,NA,NA,NA
"692","390455002256","MDR_00788604","ES",514,511,NA,NA,0,NA
"693","390463502527","MDR_00788769","ES",638,641,NA,NA,0,NA
"694","390453202177","MDR_00789220","MS",353,353,NA,NA,0,NA
"695","390437800448","MDR_00791455","ES",289,290,221,218,0,0
"696","390439000865","MDR_00793087","ES",184,185,NA,NA,0,NA
"697","390467002625","MDR_00797849","ES",290,290,NA,NA,0,NA
"698","390468602676","MDR_00798934","ES",326,326,NA,NA,0,NA
"699","390438000635","MDR_00800161","ES",305,307,NA,NA,0,NA
"700","390470102751","MDR_00801804","ES",565,565,NA,NA,0,NA
"701","390471802790","MDR_00804181","MS",797,797,735,750,0,0
"702","390472402813","MDR_00804492","MS",1003,1002,NA,NA,0,NA
"703","390437500316","MDR_00805551","MS",1386,1387,NA,NA,0,NA
"704","390445701464","MDR_00807327","ES",283,224,NA,NA,0,NA
"705","390445601454","MDR_00811641","ES",209,209,NA,NA,0,NA
"706","391001201358","MDR_00813132","ES",342,342,NA,NA,0,NA
"707","390479203041","MDR_00814203","MS",291,292,NA,NA,0,NA
"708","390479404629","MDR_00814411","ES",761,762,NA,NA,0,NA
"709","390480203087","MDR_00815192","HS",407,408,NA,NA,0,NA
"710","390456502323","MDR_00816811","ES",286,286,315,315,0,0
"711","390449001801","MDR_00817645","ES",279,280,320,294,0,0
"712","390482903187","MDR_00819710","MS",1025,1026,NA,NA,0,NA
"713","390483603223","MDR_00820185","HS",378,378,NA,NA,0,NA
"714","390484103241","MDR_00821672","MS",259,259,264,267,0,0
"715","390485203285","MDR_00822640","MS",412,411,363,370,0,0
"716","390485304640","MDR_00822717","ES",521,521,NA,NA,0,NA
"717","390438400823","MDR_00824179","HS",783,784,NA,NA,0,NA
"718","390438400787","MDR_00824222","ES",431,431,NA,NA,0,NA
"719","390490503476","MDR_00827585","ES",390,390,NA,NA,0,NA
"720","390490803487","MDR_00827810","ES",225,225,NA,NA,0,NA
"721","390492103533","MDR_00828620","MS",275,275,NA,NA,0,NA
"722","390495103616","MDR_00830300","MS",219,219,NA,NA,0,NA
"723","390497603687","MDR_00831873","HS",657,292,NA,NA,1,NA
"724","390434800028","MDR_00834148","ES",344,344,NA,NA,0,NA
"725","390500003792","MDR_00834992","MS",414,414,NA,NA,0,NA
"726","390504304356","MDR_00838211","HS",1353,1385,NA,NA,0,NA
"727","391001901244","MDR_00838754","ES",253,252,NA,NA,0,NA
"728","391003202025","MDR_00839514","MS",807,808,NA,NA,0,NA
"729","390506104006","MDR_00839710","ES",280,280,NA,NA,0,NA
"730","402625001381","MDR_00840903","MS",173,173,NA,NA,0,NA
"731","402901001521","MDR_00841397","ES",157,157,NA,NA,0,NA
"732","400393000124","MDR_00842066","HS",350,95,102,99,1,1
"733","401809000869","MDR_00843723","MS",341,341,NA,NA,0,NA
"734","400279000027","MDR_00846294","ES",325,325,NA,NA,0,NA
"735","402691002726","MDR_00846799","ES",738,738,NA,NA,0,NA
"736","400801000330","MDR_00847169","MS",132,132,NA,NA,0,NA
"737","402004000980","MDR_00850348","HS",50,50,NA,NA,0,NA
"738","400957000412","MDR_00855738","ES",628,628,NA,NA,0,NA
"739","401059000477","MDR_00855805","ES",507,507,NA,NA,0,NA
"740","401584000746","MDR_00855922","ES",530,530,NA,NA,0,NA
"741","402277001119","MDR_00856407","HS",1254,1254,1354,1349,0,0
"742","402277001146","MDR_00856691","ES",593,465,NA,NA,1,NA
"743","402277001181","MDR_00857059","ES",580,662,NA,NA,0,NA
"744","400252000013","MDR_00858716","ES",323,323,489,475,0,1
"745","400738001913","MDR_00861373","ES",288,390,NA,NA,1,NA
"746","402730029757","MDR_00861969","HS",441,441,NA,NA,0,NA
"747","410120000019","MDR_00866830","HS",197,321,NA,NA,1,NA
"748","410470000143","MDR_00867614","HS",465,465,NA,NA,0,NA
"749","410162000155","MDR_00868618","HS",570,570,NA,NA,0,NA
"750","410366000215","MDR_00869351","ES",417,417,NA,NA,0,NA
"751","410702000505","MDR_00872853","MS",406,406,NA,NA,0,NA
"752","410708000489","MDR_00873132","ES",389,389,NA,NA,0,NA
"753","410943000521","MDR_00873211","HS",215,211,NA,NA,0,NA
"754","411140001381","MDR_00873247","ES",224,224,246,247,0,0
"755","411158000613","MDR_00874411","ES",88,88,NA,NA,0,NA
"756","411167000589","MDR_00874655","ES",387,387,340,335,0,0
"757","410750000660","MDR_00874801","ES",480,480,350,408,0,1
"758","410927000739","MDR_00876249","ES",397,397,NA,NA,0,NA
"759","410394001030","MDR_00877918","ES",533,533,NA,NA,0,NA
"760","411004000967","MDR_00878572","ES",390,390,NA,NA,0,NA
"761","410284001058","MDR_00880501","HS",1021,1021,1084,1063,0,0
"762","410627001084","MDR_00881244","HS",183,183,NA,NA,0,NA
"763","410951001327","MDR_00881397","MS",748,748,NA,NA,0,NA
"764","410192001205","MDR_00882468","ES",588,588,NA,NA,0,NA
"765","421722006106","MDR_00886660","MS",642,709,NA,NA,0,NA
"766","422559000081","MDR_00889208","ES",728,741,NA,NA,0,NA
"767","420396000754","MDR_00893974","ES",689,725,NA,NA,0,NA
"768","421086000793","MDR_00894368","ES",530,522,520,527,0,0
"769","420960001154","MDR_00898857","HS",648,619,NA,NA,0,NA
"770","420291001331","MDR_00900565","ES",107,92,NA,NA,0,NA
"771","421881006231","MDR_00900723","MS",653,657,NA,NA,0,NA
"772","421087001368","MDR_00901284","ES",366,365,NA,NA,0,NA
"773","420659007439","MDR_00903878","HS",635,614,NA,NA,0,NA
"774","421217001881","MDR_00907252","MS",619,610,NA,NA,0,NA
"775","422055001937","MDR_00907824","ES",414,418,NA,NA,0,NA
"776","420999005328","MDR_00909236","MS",504,563,NA,NA,0,NA
"777","421533002059","MDR_00909602","ES",533,496,NA,NA,0,NA
"778","422508006148","MDR_00909822","HS",428,439,450,450,0,0
"779","420210006001","MDR_00910637","HS",1052,1041,NA,NA,0,NA
"780","420648002521","MDR_00915572","ES",610,599,NA,NA,0,NA
"781","421863002629","MDR_00916564","ES",345,335,NA,NA,0,NA
"782","421839002764","MDR_00917996","ES",365,369,NA,NA,0,NA
"783","420228002791","MDR_00918079","MS",838,831,NA,NA,0,NA
"784","420228007624","MDR_00918134","ES",270,254,NA,NA,0,NA
"785","422595002917","MDR_00921234","ES",182,214,NA,NA,0,NA
"786","421899003701","MDR_00929810","ES",533,512,NA,NA,0,NA
"787","421899003734","MDR_00930376","ES",917,854,NA,NA,0,NA
"788","421899003769","MDR_00930962","MS",1906,2214,NA,NA,1,NA
"789","420705006595","MDR_00937518","ES",621,636,615,613,0,0
"790","421020004667","MDR_00937582","ES",444,443,NA,NA,0,NA
"791","420336004189","MDR_00938342","MS",381,376,NA,NA,0,NA
"792","421371004442","MDR_00940931","HS",514,488,NA,NA,0,NA
"793","422598009971","MDR_00943517","MS",711,732,NA,NA,0,NA
"794","440111000312","MDR_00944406","ES",309,309,289,289,0,0
"795","440084000197","MDR_00946662","MS",691,691,NA,NA,0,NA
"796","440090000232","MDR_00947020","HS",894,894,NA,NA,0,NA
"797","440099000261","MDR_00947329","ES",265,265,NA,NA,0,NA
"798","450069001379","MDR_00949119","ES",348,345,NA,NA,0,NA
"799","450078000076","MDR_00949860","HS",969,971,NA,NA,0,NA
"800","450144001382","MDR_00951253","MS",482,516,NA,NA,0,NA
"801","450186000350","MDR_00953469","ES",391,392,NA,NA,0,NA
"802","450186000371","MDR_00953744","HS",259,260,NA,NA,0,NA
"803","450213000428","MDR_00954449","ES",718,724,NA,NA,0,NA
"804","450231000571","MDR_00955572","HS",1790,1791,NA,NA,0,NA
"805","450231000567","MDR_00956057","HS",2181,2183,NA,NA,0,NA
"806","450240000603","MDR_00956485","MS",398,399,344,351,0,0
"807","450336000907","MDR_00960125","ES",286,286,NA,NA,0,NA
"808","450336000499","MDR_00960149","ES",426,431,NA,NA,0,NA
"809","450387001138","MDR_00962692","ES",510,514,609,607,0,0
"810","468010000783","MDR_00963191","ES",163,163,NA,NA,0,NA
"811","465085000469","MDR_00964420","HS",89,89,NA,NA,0,NA
"812","463448000911","MDR_00966272","MS",186,186,NA,NA,0,NA
"813","466627000604","MDR_00970417","MS",1107,1107,NA,NA,0,NA
"814","464152000381","MDR_00971722","ES",139,139,NA,NA,0,NA
"815","460005301241","MDR_00972130","ES",500,500,NA,NA,0,NA
"816","460005301239","MDR_00972142","HS",246,246,NA,NA,0,NA
"817","470033000105","MDR_00975390","ES",291,299,296,297,0,0
"818","470318001355","MDR_00977805","ES",356,368,NA,NA,0,NA
"819","470318001368","MDR_00977831","ES",303,346,NA,NA,0,NA
"820","470318001261","MDR_00978366","MS",680,621,NA,NA,0,NA
"821","470105000341","MDR_00979487","ES",268,268,NA,NA,0,NA
"822","470108000347","MDR_00979554","HS",711,682,NA,NA,0,NA
"823","470117000369","MDR_00979724","ES",262,279,NA,NA,0,NA
"824","470410001703","MDR_00980175","HS",390,376,NA,NA,0,NA
"825","470000100480","MDR_00980931","ES",463,457,443,456,0,0
"826","470174000575","MDR_00982654","MS",411,394,NA,NA,0,NA
"827","470207000661","MDR_00983426","HS",444,418,411,421,0,0
"828","470210000676","MDR_00983517","ES",467,454,NA,NA,0,NA
"829","470210000682","MDR_00983543","ES",305,304,301,312,0,0
"830","470222000726","MDR_00983799","MS",663,648,NA,NA,0,NA
"831","470222000772","MDR_00984286","ES",563,557,NA,NA,0,NA
"832","470114000356","MDR_00985759","ES",400,387,352,365,0,0
"833","470282000996","MDR_00985888","MS",657,645,NA,NA,0,NA
"834","470303001208","MDR_00987056","ES",470,506,NA,NA,0,NA
"835","470372001539","MDR_00989028","HS",847,862,NA,NA,0,NA
"836","470014801565","MDR_00990261","ES",634,608,NA,NA,0,NA
"837","470455001817","MDR_00994281","ES",718,776,NA,NA,0,NA
"838","483405003788","MDR_00994578","HS",984,987,NA,NA,0,NA
"839","482566012054","MDR_00996473","MS",1056,1059,NA,NA,0,NA
"840","482566012780","MDR_00996485","ES",1146,1268,NA,NA,1,NA
"841","483294003627","MDR_00997673","ES",534,567,NA,NA,0,NA
"842","483294003630","MDR_00998005","HS",2825,2702,NA,NA,1,NA
"843","483873004359","MDR_00998847","ES",458,547,NA,NA,0,NA
"844","483873004349","MDR_00998873","ES",604,527,NA,NA,0,NA
"845","480831000204","MDR_01001526","ES",253,342,328,352,0,0
"846","481119000592","MDR_01001681","ES",516,595,NA,NA,0,NA
"847","481779001550","MDR_01002568","ES",289,281,NA,NA,0,NA
"848","482829003161","MDR_01004011","ES",235,376,NA,NA,1,NA
"849","481386000873","MDR_01005467","ES",477,498,NA,NA,0,NA
"850","483738004196","MDR_01005792","MS",260,258,NA,NA,0,NA
"851","484489006800","MDR_01006734","MS",124,138,136,135,0,0
"852","481524001031","MDR_01007594","ES",528,587,NA,NA,0,NA
"853","481569001132","MDR_01007867","HS",200,221,NA,NA,0,NA
"854","481623001340","MDR_01009554","ES",565,511,NA,NA,0,NA
"855","481686001461","MDR_01010254","MS",357,546,NA,NA,1,NA
"856","482142002153","MDR_01010826","MS",1036,973,NA,NA,0,NA
"857","482325002360","MDR_01011090","ES",657,696,NA,NA,0,NA
"858","482442002732","MDR_01011258","ES",747,763,NA,NA,0,NA
"859","483702004147","MDR_01011844","ES",447,487,NA,NA,0,NA
"860","484437005066","MDR_01013098","ES",146,149,NA,NA,0,NA
"861","480000204732","MDR_01013983","MS",235,246,NA,NA,0,NA
"862","489913005628","MDR_01014195","ES",152,140,NA,NA,0,NA
"863","484668005313","MDR_01016363","ES",592,586,NA,NA,0,NA
"864","481587001153","MDR_01018103","ES",98,230,NA,NA,1,NA
"865","482028002001","MDR_01019169","ES",563,607,509,533,0,0
"866","482079002086","MDR_01019808","HS",292,152,NA,NA,1,NA
"867","483558004036","MDR_01020546","HS",402,426,NA,NA,0,NA
"868","482811003142","MDR_01021045","ES",591,596,583,576,0,0
"869","480741000009","MDR_01021772","MS",188,176,173,178,0,0
"870","480771000057","MDR_01022726","HS",2327,2890,NA,NA,1,NA
"871","481611001191","MDR_01023304","ES",910,909,NA,NA,0,NA
"872","482364005495","MDR_01024035","MS",740,718,NA,NA,0,NA
"873","482364002442","MDR_01025168","MS",1210,1330,NA,NA,1,NA
"874","482364002530","MDR_01025273","HS",1736,1778,NA,NA,0,NA
"875","482364002439","MDR_01025481","ES",607,616,NA,NA,0,NA
"876","482364002614","MDR_01025754","ES",526,499,NA,NA,0,NA
"877","482364002434","MDR_01025974","HS",1540,1480,NA,NA,0,NA
"878","482364002524","MDR_01026021","ES",326,329,NA,NA,0,NA
"879","482574002900","MDR_01026318","ES",721,712,639,661,0,0
"880","482967011960","MDR_01030101","ES",467,443,NA,NA,0,NA
"881","482031002007","MDR_01033074","HS",232,220,NA,NA,0,NA
"882","482775003115","MDR_01036959","MS",302,298,NA,NA,0,NA
"883","483249003605","MDR_01039286","MS",580,532,NA,NA,0,NA
"884","482820003157","MDR_01039834","ES",408,396,NA,NA,0,NA
"885","484428005041","MDR_01040261","ES",501,531,456,480,0,0
"886","483582004057","MDR_01042013","HS",115,103,NA,NA,0,NA
"887","482097002091","MDR_01042295","HS",127,134,NA,NA,0,NA
"888","483852004287","MDR_01042427","MS",128,153,NA,NA,0,NA
"889","481500001015","MDR_01042570","MS",1200,1447,NA,NA,1,NA
"890","484107004668","MDR_01042738","ES",424,421,NA,NA,0,NA
"891","484590005934","MDR_01042788","ES",518,616,NA,NA,0,NA
"892","481026000507","MDR_01044061","HS",521,525,NA,NA,0,NA
"893","480813000159","MDR_01047300","MS",671,647,NA,NA,0,NA
"894","484065004602","MDR_01050137","MS",588,585,NA,NA,0,NA
"895","484236011969","MDR_01050448","MS",542,513,NA,NA,0,NA
"896","480870000236","MDR_01051674","ES",532,538,NA,NA,0,NA
"897","481970001862","MDR_01052941","ES",496,547,NA,NA,0,NA
"898","482406002678","MDR_01053921","ES",551,608,NA,NA,0,NA
"899","481662001424","MDR_01056791","HS",3135,3170,NA,NA,0,NA
"900","481776001547","MDR_01056856","ES",658,614,NA,NA,0,NA
"901","481341000840","MDR_01057082","ES",70,385,NA,NA,1,NA
"902","483651013315","MDR_01057666","ES",149,NA,NA,NA,NA,NA
"903","484372004966","MDR_01057800","ES",678,553,NA,NA,1,NA
"904","484372004970","MDR_01057848","ES",597,576,NA,NA,0,NA
"905","482679003018","MDR_01059274","ES",471,542,420,501,0,0
"906","483808004248","MDR_01061095","ES",432,430,NA,NA,0,NA
"907","483808006314","MDR_01061112","ES",596,583,NA,NA,0,NA
"908","481650001408","MDR_01061681","MS",495,525,NA,NA,0,NA
"909","490012000080","MDR_01062788","ES",396,421,NA,NA,0,NA
"910","490012000082","MDR_01062805","ES",525,549,NA,NA,0,NA
"911","490102000560","MDR_01064176","HS",107,107,111,119,0,0
"912","490060000375","MDR_01065728","ES",493,492,NA,NA,0,NA
"913","490069000415","MDR_01066784","HS",324,322,NA,NA,0,NA
"914","490063000403","MDR_01067659","MS",1225,1224,NA,NA,0,NA
"915","490081000452","MDR_01067714","MS",988,986,958,948,0,0
"916","490120000631","MDR_01068536","ES",696,721,NA,NA,0,NA
"917","510018001828","MDR_01069188","HS",507,507,NA,NA,0,NA
"918","510060002771","MDR_01071349","MS",639,639,NA,NA,0,NA
"919","510084000056","MDR_01072032","HS",2142,2138,2200,2200,0,0
"920","510084000343","MDR_01072070","MS",1362,1361,NA,NA,0,NA
"921","510084000350","MDR_01072147","HS",1785,2509,NA,NA,1,NA
"922","510126000493","MDR_01072915","MS",3140,3139,NA,NA,0,NA
"923","510126000484","MDR_01073701","ES",510,510,NA,NA,0,NA
"924","510225000918","MDR_01077836","ES",583,583,NA,NA,0,NA
"925","510231000949","MDR_01078189","ES",368,368,393,378,0,0
"926","510342001523","MDR_01081514","ES",292,292,243,248,0,0
"927","510351001549","MDR_01081801","HS",608,608,584,573,0,0
"928","510381001657","MDR_01082647","ES",340,340,354,356,0,0
"929","510390001752","MDR_01083108","MS",485,485,460,460,0,0
"930","510081000296","MDR_01084384","MS",1352,1352,NA,NA,0,NA
"931","510180000728","MDR_01085144","ES",294,294,NA,NA,0,NA
"932","510267001134","MDR_01086992","MS",579,579,NA,NA,0,NA
"933","510324001400","MDR_01088249","ES",420,420,405,402,0,0
"934","510330001430","MDR_01088574","HS",2007,2007,NA,NA,0,NA
"935","500039600158","MDR_01090993","ES",593,607,510,529,0,0
"936","500043000548","MDR_01092434","ES",97,115,NA,NA,0,NA
"937","500039200234","MDR_01092989","HS",558,551,NA,NA,0,NA
"938","500693000262","MDR_01093921","MS",243,258,NA,NA,0,NA
"939","530000300588","MDR_01097018","ES",495,495,NA,NA,0,NA
"940","530231000322","MDR_01097410","ES",214,214,204,220,0,0
"941","530609000913","MDR_01098775","ES",357,358,289,267,0,0
"942","530030000039","MDR_01099341","ES",399,544,NA,NA,1,NA
"943","530000102054","MDR_01099822","MS",500,505,NA,NA,0,NA
"944","530771001136","MDR_01102742","MS",1115,1115,NA,NA,0,NA
"945","530771001183","MDR_01102974","ES",334,334,NA,NA,0,NA
"946","530792001310","MDR_01103370","ES",515,484,429,423,0,0
"947","530063000133","MDR_01105718","ES",106,106,NA,NA,0,NA
"948","530696001027","MDR_01108356","ES",655,655,552,560,0,0
"949","530870001462","MDR_01108693","ES",408,408,348,365,0,0
"950","530267000406","MDR_01110608","ES",545,546,NA,NA,0,NA
"951","530513000773","MDR_01110892","ES",591,592,573,578,0,0
"952","530513002760","MDR_01110919","HS",1650,1613,NA,NA,0,NA
"953","530825001386","MDR_01112199","HS",1471,1467,NA,NA,0,NA
"954","530825001408","MDR_01112383","MS",595,593,NA,NA,0,NA
"955","530163000282","MDR_01112955","HS",519,514,NA,NA,0,NA
"956","530882002241","MDR_01113521","ES",327,327,NA,NA,0,NA
"957","530910002379","MDR_01113569","ES",495,495,520,525,0,0
"958","530933001593","MDR_01113698","ES",198,321,NA,NA,1,NA
"959","530147000276","MDR_01113739","MS",384,384,NA,NA,0,NA
"960","530159001758","MDR_01113765","HS",229,226,226,245,0,0
"961","530042000104","MDR_01114109","MS",598,595,640,645,0,0
"962","551281001699","MDR_01116729","HS",700,700,NA,NA,0,NA
"963","550054000081","MDR_01116987","HS",989,989,1020,1020,0,0
"964","550978001287","MDR_01119068","HS",272,272,955,953,0,1
"965","551623002100","MDR_01119185","MS",406,210,NA,NA,1,NA
"966","550453000484","MDR_01120146","HS",439,257,507,500,1,1
"967","551206002283","MDR_01120330","MS",500,500,405,405,0,0
"968","550123000170","MDR_01120811","ES",198,240,NA,NA,0,NA
"969","550951001105","MDR_01121607","ES",492,492,NA,NA,0,NA
"970","551110001470","MDR_01121839","HS",1157,1157,NA,NA,0,NA
"971","550063000093","MDR_01124336","HS",156,156,NA,NA,0,NA
"972","550642000698","MDR_01126621","ES",108,126,NA,NA,0,NA
"973","550732000831","MDR_01128124","MS",547,547,NA,NA,0,NA
"974","550870002335","MDR_01131626","ES",169,169,NA,NA,0,NA
"975","550870000996","MDR_01131652","MS",619,619,NA,NA,0,NA
"976","550477000516","MDR_01132187","ES",293,239,NA,NA,0,NA
"977","550483000523","MDR_01132242","ES",421,456,452,452,0,0
"978","550594000655","MDR_01132498","ES",391,448,NA,NA,0,NA
"979","550960001133","MDR_01132565","ES",168,252,NA,NA,0,NA
"980","550960001240","MDR_01133698","MS",252,314,NA,NA,0,NA
"981","551326001750","MDR_01134434","ES",208,251,NA,NA,0,NA
"982","551095001438","MDR_01137876","MS",395,395,NA,NA,0,NA
"983","550747000850","MDR_01138600","HS",1591,1591,NA,NA,0,NA
"984","550561002248","MDR_01138961","HS",709,709,NA,NA,0,NA
"985","551566002454","MDR_01141059","ES",421,421,NA,NA,0,NA
"986","550105000137","MDR_01141358","ES",489,489,NA,NA,0,NA
"987","550386000404","MDR_01145213","ES",392,441,465,490,0,0
"988","550516000550","MDR_01146085","ES",473,473,NA,NA,0,NA
"989","551629002129","MDR_01146487","ES",354,354,NA,NA,0,NA
"990","550177000216","MDR_01146592","ES",584,584,NA,NA,0,NA
"991","551059001383","MDR_01148318","ES",206,244,207,210,0,0
"992","551707002206","MDR_01149623","ES",212,249,210,212,0,0
"993","540009000880","MDR_01150232","ES",398,398,NA,NA,0,NA
"994","540012000061","MDR_01150464","HS",553,553,NA,NA,0,NA
"995","540057000343","MDR_01153674","MS",658,658,NA,NA,0,NA
"996","540060000446","MDR_01154745","ES",138,153,NA,NA,0,NA
"997","540081001398","MDR_01155919","ES",280,288,NA,NA,0,NA
"998","540072000627","MDR_01156705","MS",719,719,NA,NA,0,NA
"999","540123000968","MDR_01161073","ES",260,263,NA,NA,0,NA
"1000","560451000133","MDR_01166657","ES",141,141,NA,NA,0,NA
"1001","560423000214","MDR_01166891","HS",290,290,NA,NA,0,NA
"1002","220174001349","MDR_01170971","ES",158,156,NA,NA,0,NA
"1003","470453001808","MDR_01172345","ES",616,600,NA,NA,0,NA
"1004","484578005219","MDR_01172979","ES",450,510,NA,NA,0,NA
"1005","540144001071","MDR_01397454","ES",279,281,NA,NA,0,NA
"1006","061803002221","MDR_01397624","ES",575,575,NA,NA,0,NA
"1007","210138000280","MDR_01398422","MS",333,356,NA,NA,0,NA
"1008","302655000748","MDR_01398848","ES",250,192,NA,NA,0,NA
"1009","450201000402","MDR_01399490","HS",3182,3168,NA,NA,0,NA
"1010","550108000157","MDR_01400025","ES",332,411,315,319,0,0
"1011","380002100311","MDR_01401029","MS",553,553,NA,NA,0,NA
"1012","062100002519","MDR_01414521","HS",1957,1957,NA,NA,0,NA
"1013","330498000323","MDR_01416696","HS",1842,1830,NA,NA,0,NA
"1014","341032001878","MDR_01416749","ES",500,512,NA,NA,0,NA
"1015","280019601493","MDR_01486342","ES",743,743,NA,NA,0,NA
"1016","390476802937","MDR_01486885","ES",NA,98,NA,NA,NA,NA
"1017","362574004620","MDR_01519822","ES",NA,108,NA,NA,NA,NA
"1018","550147002383","MDR_01519975","MS",108,108,NA,NA,0,NA
"1019","340603001524","MDR_01522192","ES",688,659,655,676,0,0
"1020","060480000460","MDR_01524102","ES",486,486,462,465,0,0
"1021","370465001822","MDR_01525091","ES",262,293,NA,NA,0,NA
"1022","220129001047","MDR_01527532","MS",1001,1001,NA,NA,0,NA
"1023","530816001345","MDR_01538737","ES",496,493,NA,NA,0,NA
"1024","530567000840","MDR_01538751","ES",308,306,NA,NA,0,NA
"1025","010192000720","MDR_01541576","ES",870,874,697,695,0,1
"1026","080291000208","MDR_01541928","ES",556,556,NA,NA,0,NA
"1027","481524001035","MDR_01545211","ES",482,469,NA,NA,0,NA
"1028","120093001064","MDR_01546722","MS",905,905,NA,NA,0,NA
"1029","291941001052","MDR_01547465","MS",318,315,261,268,0,0
"1030","172307002544","MDR_01550450","HS",2837,2766,NA,NA,0,NA
"1031","292301001318","MDR_01551715","MS",451,442,NA,NA,0,NA
"1032","422097006888","MDR_01552757","MS",676,681,NA,NA,0,NA
"1033","510236000979","MDR_01553488","ES",663,663,NA,NA,0,NA
"1034","120048000770","MDR_01555890","MS",NA,780,NA,NA,NA,NA
"1035","061657002090","MDR_01557733","ES",207,207,NA,NA,0,NA
"1036","291788000957","MDR_01759266","HS",186,181,NA,NA,0,NA
"1037","401308000606","MDR_01761685","MS",85,85,NA,NA,0,NA
"1038","403270001806","MDR_01761817","ES",200,195,NA,NA,0,NA
"1039","060162000029","MDR_01806534","MS",1015,1015,NA,NA,0,NA
"1040","191281002120","MDR_01808271","ES",153,153,138,145,0,0
"1041","250972001548","MDR_01822277","ES",348,348,NA,NA,0,NA
"1042","050459001183","MDR_01824938","ES",449,449,NA,NA,0,NA
"1043","263447007027","MDR_01825542","ES",619,619,NA,NA,0,NA
"1044","440057000135","MDR_01826091","HS",941,941,NA,NA,0,NA
"1045","510126000511","MDR_01826429","MS",817,817,NA,NA,0,NA
"1046","120018003543","MDR_01827021","MS",714,675,NA,NA,0,NA
"1047","250483000649","MDR_01827980","HS",2147,2147,NA,NA,0,NA
"1048","263426006977","MDR_01828403","ES",416,416,416,422,0,0
"1049","272124001868","MDR_01834581","ES",485,485,310,274,0,1
"1050","062271003005","MDR_01835030","ES",740,740,NA,NA,0,NA
"1051","160048000103","MDR_01838678","MS",324,324,NA,NA,0,NA
"1052","172500002715","MDR_01845009","ES",210,179,NA,NA,0,NA
"1053","280471001149","MDR_01847605","ES",283,283,NA,NA,0,NA
"1054","050004301236","MDR_02043632","ES",275,324,NA,NA,0,NA
"1055","250588000838","MDR_02044739","MS",619,619,NA,NA,0,NA
"1056","271422002241","MDR_02044911","ES",627,627,503,533,0,1
"1057","470014402133","MDR_02053663","HS",516,516,NA,NA,0,NA
"1058","500957000470","MDR_02055051","MS",253,263,NA,NA,0,NA
"1059","210299000760","MDR_02055843","MS",917,921,NA,NA,0,NA
"1060","422124007009","MDR_02070099","ES",1187,851,NA,NA,1,NA
"1061","040286000219","MDR_02094899","ES",176,162,133,140,0,0
"1062","590018700086","MDR_02102719","MS",164,163,NA,NA,0,NA
"1063","590003100047","MDR_02102757","HS",298,503,NA,NA,1,NA
"1064","590011700174","MDR_02103232","ES",144,138,NA,NA,0,NA
"1065","590016800150","MDR_02103294","MS",190,124,NA,NA,0,NA
"1066","590018200064","MDR_02104016","MS",200,144,NA,NA,0,NA
"1067","063384005218","MDR_02106777","ES",554,554,NA,NA,0,NA
"1068","063093007330","MDR_02106909","ES",445,445,NA,NA,0,NA
"1069","130255001907","MDR_02106911","MS",1790,1790,NA,NA,0,NA
"1070","170993000651","MDR_02107604","MS",342,328,NA,NA,0,NA
"1071","370045002063","MDR_02107757","ES",740,747,NA,NA,0,NA
"1072","462010000605","MDR_02109212","ES",228,228,NA,NA,0,NA
"1073","320006000290","MDR_02109377","ES",627,627,NA,NA,0,NA
"1074","481500005431","MDR_02110390","ES",591,607,NA,NA,0,NA
"1075","210532001434","MDR_02125644","ES",508,444,NA,NA,0,NA
"1076","120153002241","MDR_02126260","ES",691,691,NA,NA,0,NA
"1077","210495001464","MDR_02126686","ES",710,671,NA,NA,0,NA
"1078","483808005805","MDR_02126911","HS",2756,2806,NA,NA,0,NA
"1079","090102001166","MDR_02128220","ES",391,390,NA,NA,0,NA
"1080","080540000927","MDR_02129456","HS",696,696,NA,NA,0,NA
"1081","590010400087","MDR_02136758","HS",350,277,NA,NA,0,NA
"1082","490105000698","MDR_02175948","ES",98,3370,NA,NA,1,NA
"1083","010033001479","MDR_02176459","ES",253,253,NA,NA,0,NA
"1084","484365005822","MDR_02176576","ES",719,741,NA,NA,0,NA
"1085","201200001605","MDR_02177570","ES",365,365,348,352,0,0
"1086","040406001160","MDR_02177776","ES",576,571,NA,NA,0,NA
"1087","402916001533","MDR_02178627","ES",438,438,NA,NA,0,NA
"1088","482520002815","MDR_02178770","ES",458,NA,NA,NA,NA,NA
"1089","360010203146","MDR_02180539","MS",1571,1571,NA,NA,0,NA
"1090","069102711052","MDR_02198574","HS",136,106,NA,NA,0,NA
"1091","467209000814","MDR_02200488","MS",429,428,360,393,0,0
"1092","560451000445","MDR_02201925","ES",339,339,NA,NA,0,NA
"1093","120171002410","MDR_02202711","ES",644,644,NA,NA,0,NA
"1094","481830005984","MDR_02205402","ES",442,449,NA,NA,0,NA
"1095","020051000514","MDR_02225713","ES",465,465,NA,NA,0,NA
"1096","020000100441","MDR_02225830","HS",218,218,219,198,0,0
"1097","120087002505","MDR_02226884","HS",2231,2233,NA,NA,0,NA
"1098","484653006195","MDR_02845650","ES",428,542,NA,NA,1,NA
"1099","220102001709","MDR_02846692","ES",430,425,NA,NA,0,NA
"1100","490114000841","MDR_02848327","ES",646,646,NA,NA,0,NA
"1101","120123002474","MDR_02848561","ES",620,620,550,650,0,0
"1102","210425001538","MDR_02857201","MS",1041,1065,1042,1047,0,0
"1103","010195001720","MDR_02887438","HS",605,605,NA,NA,0,NA
"1104","010066001657","MDR_02888717","ES",731,731,715,715,0,0
"1105","210051001519","MDR_02892160","ES",226,231,220,223,0,0
"1106","481323006232","MDR_02893114","ES",404,387,320,330,0,0
"1107","120192002417","MDR_02893334","MS",1321,1321,NA,NA,0,NA
"1108","411082001342","MDR_02894209","ES",380,380,340,370,0,0
"1109","490012000846","MDR_02896491","MS",795,793,NA,NA,0,NA
"1110","201014001655","MDR_02897524","MS",673,673,601,640,0,0
"1111","040000101204","MDR_02907129","HS",1883,1930,NA,NA,0,NA
"1112","120087002513","MDR_02907272","ES",427,422,402,450,0,0
"1113","390470204326","MDR_03003233","ES",682,682,NA,NA,0,NA
"1114","060744009119","MDR_03008544","ES",688,688,NA,NA,0,NA
"1115","490021000869","MDR_03009067","ES",711,746,NA,NA,0,NA
"1116","550894002361","MDR_03009524","ES",533,639,582,604,1,0
"1117","483510006465","MDR_03014672","ES",481,470,NA,NA,0,NA
"1118","120108002614","MDR_03051058","ES",1004,1004,NA,NA,0,NA
"1119","061926009380","MDR_03054907","ES",806,806,NA,NA,0,NA
"1120","220129001943","MDR_03055913","HS",671,671,NA,NA,0,NA
"1121","040880001509","MDR_03056321","HS",60,46,NA,NA,0,NA
"1122","230006501020","MDR_03235905","ES",67,67,53,55,0,0
"1123","231479500502","MDR_03241497","MS",272,395,354,354,1,0
"1124","530066002573","MDR_03241851","HS",120,120,NA,NA,0,NA
"1125","340543002546","MDR_03245455","ES",597,610,NA,NA,0,NA
"1126","360969004717","MDR_03247001","ES",315,315,285,320,0,0
"1127","080480000765","MDR_03247582","HS",563,318,NA,NA,1,NA
"1128","210240001610","MDR_03248287","MS",333,322,NA,NA,0,NA
"1129","060133209623","MDR_03250125","ES",383,383,363,369,0,0
"1130","421899006548","MDR_03251521","HS",273,277,NA,NA,0,NA
"1131","260110307415","MDR_03251636","HS",140,67,NA,NA,0,NA
"1132","510264002208","MDR_03253971","MS",1182,1182,NA,NA,0,NA
"1133","010129000102","MDR_03254171","MS",1059,1059,NA,NA,0,NA
"1134","040588001498","MDR_03266899","ES",440,463,NA,NA,0,NA
"1135","062361009916","MDR_03319795","ES",813,813,NA,NA,0,NA
"1136","220156001989","MDR_03325768","MS",275,275,NA,NA,0,NA
"1137","530282002301","MDR_03329312","ES",427,427,NA,NA,0,NA
"1138","130288002132","MDR_03329415","ES",537,537,NA,NA,0,NA
"1139","120048002740","MDR_03329453","ES",921,921,NA,NA,0,NA
"1140","530825002366","MDR_03331638","ES",540,538,NA,NA,0,NA
"1141","062223009896","MDR_03333583","ES",593,593,NA,NA,0,NA
"1142","130129002109","MDR_03333882","ES",480,480,NA,NA,0,NA
"1143","590012300054","MDR_03342845","ES",520,537,NA,NA,0,NA
"1144","340264006084","MDR_03380902","ES",285,122,NA,NA,1,NA
"1145","420330000917","MDR_03393492","HS",386,388,400,400,0,0
"1146","370472002318","MDR_03395139","ES",736,729,NA,NA,0,NA
"1147","160210000717","MDR_03399276","ES",539,537,525,500,0,0
"1148","062271010243","MDR_03402823","ES",1087,869,NA,NA,1,NA
"1149","120039002805","MDR_03412024","ES",884,884,NA,NA,0,NA
"1150","060627000291","MDR_04009216","ES",472,472,NA,NA,0,NA
"1151","482364001389","MDR_04016099","ES",1024,1075,NA,NA,0,NA
"1152","292886001811","MDR_04017005","MS",861,799,927,923,0,0
"1153","340939003930","MDR_04019962","ES",540,523,NA,NA,0,NA
"1154","180378000177","MDR_04028535","MS",295,295,NA,NA,0,NA
"1155","480957002476","MDR_04030734","ES",NA,824,NA,NA,NA,NA
"1156","130441000575","MDR_04030887","ES",752,752,590,601,0,1
"1157","483510003542","MDR_04032988","ES",367,338,NA,NA,0,NA
"1158","350237000887","MDR_04035083","ES",488,488,NA,NA,0,NA
"1159","130129000244","MDR_04035124","MS",1068,1068,NA,NA,0,NA
"1160","080249000465","MDR_04035435","HS",326,326,NA,NA,0,NA
"1161","480870005335","MDR_04035772","MS",800,730,NA,NA,0,NA
"1162","050900000176","MDR_04035942","ES",272,368,NA,NA,0,NA
"1163","170993000441","MDR_04149244","MS",477,470,NA,NA,0,NA
"1164","063348003149","MDR_04250439","ES",666,666,NA,NA,0,NA
"1165","060797003035","MDR_04282846","ES",719,719,NA,NA,0,NA
"1166","550465002360","MDR_04285018","MS",59,59,NA,NA,0,NA
"1167","240039000468","MDR_04285850","ES",738,697,NA,NA,0,NA
"1168","481970005799","MDR_04285898","ES",505,496,NA,NA,0,NA
"1169","482778013956","MDR_04286103","ES",645,479,NA,NA,1,NA
"1170","262856000293","MDR_04286414","ES",547,547,550,550,0,0
"1171","220129010374","MDR_04287626","ES",481,480,388,376,0,0
"1172","062580007213","MDR_04324078","HS",200,165,NA,NA,0,NA
"1173","040005200752","MDR_04361985","MS",380,385,NA,NA,0,NA
"1174","120018002979","MDR_04364561","ES",879,855,NA,NA,0,NA
"1175","230625023138","MDR_04366234","ES",172,192,NA,NA,0,NA
"1176","350189000749","MDR_04368622","ES",311,311,NA,NA,0,NA
"1177","510225001143","MDR_04368880","ES",572,572,NA,NA,0,NA
"1178","220021700414","MDR_04370314","MS",916,914,NA,NA,0,NA
"1179","060231305058","MDR_04375560","HS",1845,1845,NA,NA,0,NA
"1180","160234000375","MDR_04435768","ES",475,479,460,461,0,0
"1181","040008301018","MDR_04436566","HS",88,76,NA,NA,0,NA
"1182","370078001820","MDR_04448583","MS",253,255,NA,NA,0,NA
"1183","551023001338","MDR_04449850","MS",700,212,NA,NA,1,NA
"1184","550951000754","MDR_04450603","MS",1064,1064,NA,NA,0,NA
"1185","483808007494","MDR_04452340","MS",1217,1239,NA,NA,0,NA
"1186","481551007052","MDR_04454312","ES",553,630,555,584,0,0
"1187","272520002651","MDR_04456592","HS",2319,2319,NA,NA,0,NA
"1188","551533001153","MDR_04467450","ES",424,424,415,413,0,0
"1189","260007800528","MDR_04467943","ES",216,216,NA,NA,0,NA
"1190","481785007518","MDR_04748632","MS",1230,1286,NA,NA,0,NA
"1191","251077001047","MDR_04749272","ES",726,726,508,513,0,1
"1192","361401003211","MDR_04750398","ES",586,586,NA,NA,0,NA
"1193","483429013196","MDR_04751081","HS",90,44,NA,NA,0,NA
"1194","160000200603","MDR_04751665","ES",432,429,384,386,0,0
"1195","062865007195","MDR_04752293","ES",847,847,NA,NA,0,NA
"1196","360015203107","MDR_04753687","MS",925,927,NA,NA,0,NA
"1197","120087003179","MDR_04754978","HS",1722,1725,1700,1700,0,0
"1198","020018010162","MDR_04755336","MS",686,714,NA,NA,0,NA
"1199","120018003157","MDR_04756873","ES",1252,1252,NA,NA,0,NA
"1200","040015701728","MDR_04758833","ES",1200,1090,NA,NA,1,NA
"1201","061887007778","MDR_04803359","ES",493,493,NA,NA,0,NA
"1202","320006000475","MDR_04804858","MS",1567,1567,NA,NA,0,NA
"1203","410204001391","MDR_04806466","ES",767,767,NA,NA,0,NA
"1204","362475006076","MDR_04806636","ES",552,552,NA,NA,0,NA
"1205","062949007436","MDR_04807238","HS",40,47,NA,NA,0,NA
"1206","240015000967","MDR_04807707","MS",771,789,750,764,0,0
"1207","100124000062","MDR_04808115","ES",853,845,NA,NA,0,NA
"1208","280216000963","MDR_04810209","MS",1091,1091,NA,NA,0,NA
"1209","020060000324","MDR_04810780","MS",308,308,NA,NA,0,NA
"1210","130240002266","MDR_04811186","MS",674,674,NA,NA,0,NA
"1211","040035701732","MDR_04813287","HS",185,159,NA,NA,0,NA
"1212","040015001793","MDR_04813378","ES",177,176,165,170,0,0
"1213","100000700070","MDR_04814839","ES",408,420,NA,NA,0,NA
"1214","260018401062","MDR_04839085","ES",161,153,NA,NA,0,NA
"1215","251197001235","MDR_04841624","ES",419,419,NA,NA,0,NA
"1216","403111002278","MDR_04865888","HS",299,299,NA,NA,0,NA
"1217","317482000666","MDR_04865979","ES",340,340,NA,NA,0,NA
"1218","261836005503","MDR_04866442","MS",244,244,NA,NA,0,NA
"1219","063204014118","MDR_04870704","ES",214,214,NA,NA,0,NA
"1220","063204014118","MDR_04870704","MS",214,214,NA,NA,0,NA
"1221","410192001432","MDR_04872049","HS",1437,1437,NA,NA,0,NA
"1222","370048002431","MDR_04872893","ES",429,465,459,459,0,0
"1223","060166911902","MDR_04874671","ES",306,306,301,296,0,0
"1224","170993003564","MDR_04875704","ES",470,430,NA,NA,0,NA
"1225","240048001128","MDR_04876019","MS",1125,1153,NA,NA,0,NA
"1226","390004302979","MDR_04880668","MS",207,207,NA,NA,0,NA
"1227","370008502458","MDR_04881064","MS",200,199,NA,NA,0,NA
"1228","400306000058","MDR_04882446","ES",497,497,NA,NA,0,NA
"1229","240009000884","MDR_04884884","ES",166,185,NA,NA,0,NA
"1230","173451005448","MDR_04885723","MS",930,968,NA,NA,0,NA
"1231","060239007219","MDR_04886026","HS",1475,1475,NA,NA,0,NA
"1232","480015812532","MDR_04890871","ES",532,527,NA,NA,0,NA
"1233","370008402454","MDR_04895510","MS",760,758,NA,NA,0,NA
"1234","040019101909","MDR_04898067","ES",550,571,NA,NA,0,NA
"1235","291338003035","MDR_04912194","MS",112,112,338,333,0,1
"1236","340969000393","MDR_04912388","ES",169,176,NA,NA,0,NA
"1237","051440001172","MDR_04912716","HS",284,284,NA,NA,0,NA
"1238","550732002457","MDR_04913851","MS",221,221,NA,NA,0,NA
"1239","061176010446","MDR_04913887","ES",469,469,NA,NA,0,NA
"1240","050978000717","MDR_04914180","HS",173,173,NA,NA,0,NA
"1241","160327000558","MDR_04914922","HS",146,596,NA,NA,1,NA
"1242","350001000805","MDR_04917259","HS",172,187,NA,NA,0,NA
"1243","540099000824","MDR_04917716","HS",74,77,162,158,0,0
"1244","120060000853","MDR_04917936","MS",158,158,NA,NA,0,NA
"1245","130570002450","MDR_04918435","ES",559,559,535,530,0,0
"1246","210372001901","MDR_04918849","ES",596,658,NA,NA,0,NA
"1247","010231000869","MDR_04918942","MS",226,226,NA,NA,0,NA
"1248","180477001446","MDR_04919300","HS",883,883,754,725,0,1
"1249","370488002563","MDR_04921468","ES",669,681,534,593,0,1
"1250","250309002652","MDR_04922333","HS",103,103,NA,NA,0,NA
"1251","530834002594","MDR_04923234","HS",154,158,NA,NA,0,NA
"1252","272124004884","MDR_04924355","HS",465,238,NA,NA,1,NA
"1253","061962006745","MDR_04926030","MS",343,343,336,334,0,0
"1254","290057602831","MDR_04934659","MS",998,998,NA,NA,0,NA
"1255","410342001729","MDR_04939295","MS",252,1186,NA,NA,1,NA
"1256","370072002600","MDR_04942242","MS",810,807,NA,NA,0,NA
"1257","120018003685","MDR_04946937","ES",922,922,NA,NA,0,NA
"1258","120018003687","MDR_04946951","ES",685,685,NA,NA,0,NA
"1259","060744008752","MDR_04947216","ES",312,312,263,269,0,0
"1260","510313002418","MDR_04947412","ES",651,651,657,651,0,0
"1261","340282000451","MDR_04947565","ES",480,485,NA,NA,0,NA
"1262","480870009032","MDR_04949329","ES",554,476,NA,NA,0,NA
"1263","480771011250","MDR_04949824","HS",384,0,NA,NA,1,NA
"1264","360009205497","MDR_04952510","MS",639,639,702,680,0,0
"1265","080441006504","MDR_04994439","ES",434,434,485,424,0,0
"1266","291203002779","MDR_05000914","ES",745,744,735,753,0,0
"1267","251005001659","MDR_05009269","HS",65,65,80,80,0,0
"1268","480019008590","MDR_05010880","ES",462,472,NA,NA,0,NA
"1269","420009100597","MDR_05025691","MS",1235,1270,NA,NA,0,NA
"1270","063018010584","MDR_05026891","ES",482,482,NA,NA,0,NA
"1271","130147003327","MDR_05027168","ES",719,719,NA,NA,0,NA
"1272","040096002255","MDR_05035232","ES",693,671,NA,NA,0,NA
"1273","482647009414","MDR_05070218","ES",560,723,NA,NA,1,NA
"1274","370078002626","MDR_05091444","HS",169,164,NA,NA,0,NA
"1275","390454704575","MDR_05092955","ES",438,439,NA,NA,0,NA
"1276","483808009431","MDR_05096030","ES",774,766,NA,NA,0,NA
"1277","470117001752","MDR_05096676","MS",402,415,NA,NA,0,NA
"1278","510225002283","MDR_05097565","ES",574,574,NA,NA,0,NA
"1279","390437504219","MDR_05100526","HS",1038,1041,NA,NA,0,NA
"1280","530771002933","MDR_05100796","ES",596,596,NA,NA,0,NA
"1281","120048003843","MDR_05101829","ES",455,454,NA,NA,0,NA
"1282","481830009230","MDR_05101831","ES",429,435,NA,NA,0,NA
"1283","060153808721","MDR_05102005","ES",487,487,481,439,0,0
"1284","530513002675","MDR_05103334","MS",775,754,NA,NA,0,NA
"1285","063084010555","MDR_05118559","MS",269,269,NA,NA,0,NA
"1286","360585005600","MDR_05167342","ES",544,543,NA,NA,0,NA
"1287","250007101747","MDR_05194888","HS",540,1969,NA,NA,1,NA
"1288","420001200311","MDR_05229524","ES",93,79,NA,NA,0,NA
"1289","180006102387","MDR_05243099","ES",363,363,NA,NA,0,NA
"1290","390455004577","MDR_05262203","ES",632,631,NA,NA,0,NA
"1291","060318011283","MDR_05269990","HS",167,167,NA,NA,0,NA
"1292","130294002924","MDR_05272088","ES",574,574,545,546,0,0
"1293","040775003099","MDR_05272349","ES",801,778,NA,NA,0,NA
"1294","390461104584","MDR_05272674","MS",716,717,NA,NA,0,NA
"1295","360009605506","MDR_05274799","ES",760,760,643,604,0,1
"1296","510189002410","MDR_05275913","ES",780,780,NA,NA,0,NA
"1297","470014802045","MDR_05276228","MS",605,581,503,509,0,0
"1298","530351003148","MDR_05277193","MS",200,190,191,189,0,0
"1299","060176611314","MDR_05278721","ES",539,539,NA,NA,0,NA
"1300","530288003161","MDR_05280190","MS",610,611,600,600,0,0
"1301","340918000703","MDR_05282552","ES",400,NA,400,400,NA,0
"1302","480026410422","MDR_05282588","MS",502,499,NA,NA,0,NA
"1303","350111000881","MDR_05303699","MS",160,160,NA,NA,0,NA
"1304","080192001842","MDR_05337054","ES",462,462,NA,NA,0,NA
"1305","483836009506","MDR_05341859","ES",336,311,NA,NA,0,NA
"1306","420531000785","MDR_05345269","HS",1730,1724,NA,NA,0,NA
"1307","080615001854","MDR_05345374","ES",485,485,NA,NA,0,NA
"1308","250726001788","MDR_05345922","ES",780,780,669,546,0,1
"1309","064030010957","MDR_05346445","ES",433,433,NA,NA,0,NA
"1310","360010505602","MDR_05346495","HS",391,770,1144,1164,1,1
"1311","340008000566","MDR_05347061","HS",879,868,NA,NA,0,NA
"1312","320006000570","MDR_05348091","MS",1242,1242,NA,NA,0,NA
"1313","171371005612","MDR_05348376","MS",968,962,NA,NA,0,NA
"1314","360012205727","MDR_05349485","HS",441,441,NA,NA,0,NA
"1315","483591021352","MDR_05349801","ES",432,443,NA,NA,0,NA
"1316","260627004247","MDR_05350082","HS",645,645,NA,NA,0,NA
"1317","550960003371","MDR_05350874","ES",511,539,NA,NA,0,NA
"1318","360011305688","MDR_05352494","ES",810,782,NA,NA,0,NA
"1319","040444002435","MDR_05356244","ES",NA,885,764,888,NA,0
"1320","330003100606","MDR_05364588","ES",297,297,NA,NA,0,NA
"1321","551119003364","MDR_05368118","MS",60,60,410,410,0,1
"1322","180006502415","MDR_05378357","ES",244,244,286,255,0,0
"1323","060226611641","MDR_05380776","HS",990,990,NA,NA,0,NA
"1324","160060000838","MDR_10000470","MS",1296,1295,NA,NA,0,NA
"1325","063501011786","MDR_10001137","ES",214,214,NA,NA,0,NA
"1326","240039000480","MDR_10002131","HS",69,74,NA,NA,0,NA
"1327","482526011021","MDR_10003276","ES",435,450,NA,NA,0,NA
"1328","410372001682","MDR_10003654","HS",70,42,NA,NA,0,NA
"1329","120108003952","MDR_10003874","HS",1886,1886,NA,NA,0,NA
"1330","370001202789","MDR_10004660","ES",645,660,605,620,0,0
"1331","120054005533","MDR_10004763","HS",1725,1725,NA,NA,0,NA
"1332","040187002251","MDR_10006709","MS",1289,1317,NA,NA,0,NA
"1333","482703011113","MDR_10006890","ES",763,972,NA,NA,1,NA
"1334","120147005656","MDR_10007636","ES",954,954,NA,NA,0,NA
"1335","060183011124","MDR_10007715","ES",592,553,NA,NA,0,NA
"1336","483510010508","MDR_10008331","ES",549,552,NA,NA,0,NA
"1337","360013405756","MDR_10009402","MS",392,392,NA,NA,0,NA
"1338","120123003610","MDR_10009440","HS",417,371,NA,NA,0,NA
"1339","550960002603","MDR_10010633","HS",188,188,NA,NA,0,NA
"1340","190948000976","MDR_10011039","MS",1162,1162,NA,NA,0,NA
"1341","551464002624","MDR_10012409","ES",450,450,NA,NA,0,NA
"1342","180005202155","MDR_10014275","MS",538,1375,NA,NA,1,NA
"1343","560267000366","MDR_10014952","MS",33,33,NA,NA,0,NA
"1344","470300002069","MDR_10015205","MS",313,321,305,300,0,0
"1345","180004802163","MDR_10015827","ES",408,408,NA,NA,0,NA
"1346","060285011573","MDR_10016663","HS",150,150,NA,NA,0,NA
"1347","481674010608","MDR_10021876","MS",985,987,NA,NA,0,NA
"1348","482442010599","MDR_10023240","ES",646,578,NA,NA,0,NA
"1349","060189611766","MDR_10025298","MS",600,600,NA,NA,0,NA
"1350","360016705891","MDR_10026254","HS",780,779,NA,NA,0,NA
"1351","160210000714","MDR_10026474","HS",177,177,185,171,0,0
"1352","360008305909","MDR_10026759","MS",901,901,998,957,0,0
"1353","530870003064","MDR_10027519","ES",536,536,NA,NA,0,NA
"1354","271104002237","MDR_10027703","MS",100,507,145,115,1,1
"1355","510313002584","MDR_10027856","MS",1263,1263,965,910,0,1
"1356","360585005857","MDR_10028290","HS",697,598,NA,NA,0,NA
"1357","171125001350","MDR_10030205","ES",331,273,NA,NA,0,NA
"1358","481305011190","MDR_10030815","HS",337,349,NA,NA,0,NA
"1359","490004001130","MDR_10031821","ES",621,621,NA,NA,0,NA
"1360","063864011768","MDR_10750479","HS",2406,2406,2331,2300,0,0
"1361","040029002177","MDR_10756746","HS",761,767,NA,NA,0,NA
"1362","273243004233","MDR_10805098","HS",83,81,80,80,0,0
"1363","040075702820","MDR_10900909","HS",556,554,NA,NA,0,NA
"1364","120111008482","MDR_10904046","MS",458,458,NA,NA,0,NA
"1365","240048001643","MDR_10908602","ES",732,748,NA,NA,0,NA
"1366","120174007334","MDR_10908810","MS",1365,1365,1364,1370,0,0
"1367","120105007372","MDR_10909101","ES",1170,1170,NA,NA,0,NA
"1368","040463002784","MDR_10909149","ES",504,457,NA,NA,0,NA
"1369","040340002840","MDR_10910021","HS",600,678,NA,NA,0,NA
"1370","251323002121","MDR_10910863","MS",581,581,NA,NA,0,NA
"1371","483294011132","MDR_10911051","MS",1274,1365,NA,NA,0,NA
"1372","390437800544","MDR_10911128","MS",198,201,NA,NA,0,NA
"1373","550732002653","MDR_10913047","ES",552,611,NA,NA,0,NA
"1374","210299002197","MDR_10914534","ES",773,822,NA,NA,0,NA
"1375","370014402925","MDR_10981018","HS",954,947,888,850,0,0
"1376","130249003570","MDR_11000605","ES",785,841,NA,NA,0,NA
"1377","390063805183","MDR_11006829","HS",123,123,NA,NA,0,NA
"1378","390056205054","MDR_11007287","HS",157,162,151,186,0,0
"1379","480028811555","MDR_11014876","ES",800,953,877,1045,1,0
"1380","480006211404","MDR_11015480","ES",174,124,NA,NA,0,NA
"1381","040044402321","MDR_11018808","ES",300,319,NA,NA,0,NA
"1382","210558002167","MDR_11073080","ES",460,428,413,415,0,0
"1383","130042003726","MDR_11074797","HS",1171,1171,1065,1090,0,0
"1384","481830012055","MDR_11076848","HS",416,403,NA,NA,0,NA
"1385","120018007881","MDR_11076953","MS",842,842,868,866,0,0
"1386","130393003770","MDR_11077294","ES",860,860,NA,NA,0,NA
"1387","060852011852","MDR_11102071","ES",514,514,NA,NA,0,NA
"1388","470438002154","MDR_11102409","MS",824,775,745,753,0,0
"1389","360095606025","MDR_11103544","ES",599,599,NA,NA,0,NA
"1390","062825012011","MDR_11103958","ES",563,563,496,495,0,0
"1391","482838011892","MDR_11127760","ES",365,441,NA,NA,0,NA
"1392","484296011799","MDR_11127784","ES",778,782,NA,NA,0,NA
"1393","483873010427","MDR_11128049","ES",560,551,NA,NA,0,NA
"1394","120039007487","MDR_11128324","ES",483,483,NA,NA,0,NA
"1395","063432012376","MDR_11128386","MS",415,415,NA,NA,0,NA
"1396","020021000737","MDR_11129055","HS",670,662,651,630,0,0
"1397","490063001160","MDR_11129598","HS",1374,1370,NA,NA,0,NA
"1398","510084002767","MDR_11130937","MS",1234,1231,1273,1276,0,0
"1399","421899006904","MDR_11131955","HS",621,647,NA,NA,0,NA
"1400","200336001913","MDR_11134880","ES",454,454,451,453,0,0
"1401","040187002951","MDR_11136656","ES",1035,958,810,820,0,1
"1402","090192001535","MDR_11150406","MS",583,583,335,232,0,1
"1403","450390101688","MDR_11151527","HS",477,477,512,504,0,0
"1404","401368000649","MDR_11438791","ES",44,44,NA,NA,0,NA
"1405","173846006074","MDR_11444817","ES",484,481,NA,NA,0,NA
"1406","130174003915","MDR_11445548","HS",1221,1221,1135,1123,0,0
"1407","360008606121","MDR_11447625","ES",428,428,NA,NA,0,NA
"1408","370180003142","MDR_11449312","HS",208,228,235,229,0,0
"1409","173681006065","MDR_11449324","ES",416,380,NA,NA,0,NA
"1410","220009002279","MDR_11450268","ES",800,779,436,438,0,1
"1411","470018002222","MDR_11450490","ES",533,574,NA,NA,0,NA
"1412","200001400453","MDR_11450579","MS",139,271,NA,NA,1,NA
"1413","063432012303","MDR_11451169","HS",121,121,110,112,0,0
"1414","130123003896","MDR_11451808","MS",686,686,650,650,0,0
"1415","020060000742","MDR_11453002","MS",200,200,199,199,0,0
"1416","360098606161","MDR_11453557","ES",575,759,NA,NA,1,NA
"1417","062271012524","MDR_11454733","MS",994,994,NA,NA,0,NA
"1418","060162712261","MDR_11455086","MS",385,385,480,477,0,0
"1419","361494006579","MDR_11455725","MS",399,399,NA,NA,0,NA
"1420","063003012186","MDR_11457072","MS",783,783,NA,NA,0,NA
"1421","060151112515","MDR_11466683","ES",188,188,NA,NA,0,NA
"1422","340264003065","MDR_11467900","MS",500,485,NA,NA,0,NA
"1423","483697012186","MDR_11540057","MS",274,322,NA,NA,0,NA
"1424","480027412284","MDR_11548449","MS",533,531,NA,NA,0,NA
"1425","370031803187","MDR_11550363","ES",526,518,NA,NA,0,NA
"1426","483486011569","MDR_11552878","MS",446,639,NA,NA,1,NA
"1427","120147007895","MDR_11554852","ES",918,918,NA,NA,0,NA
"1428","060247312390","MDR_11557658","HS",725,808,808,788,0,0
"1429","120144007869","MDR_11557763","HS",233,150,NA,NA,0,NA
"1430","120144007822","MDR_11557799","HS",449,493,NA,NA,0,NA
"1431","482301002341","MDR_11558016","ES",403,387,NA,NA,0,NA
"1432","170993006102","MDR_11559462","ES",331,278,NA,NA,0,NA
"1433","360103506226","MDR_11560813","ES",990,989,NA,NA,0,NA
"1434","130099004016","MDR_11564065","MS",581,581,542,584,0,0
"1435","260014201700","MDR_11568463","ES",170,426,NA,NA,1,NA
"1436","360102206239","MDR_11569089","HS",380,380,NA,NA,0,NA
"1437","411122001803","MDR_11635652","HS",125,125,132,120,0,0
"1438","370002502096","MDR_11648738","ES",570,569,NA,NA,0,NA
"1439","060211012640","MDR_11685877","HS",190,190,NA,NA,0,NA
"1440","317422002327","MDR_11685889","ES",115,115,NA,NA,0,NA
"1441","390437800468","MDR_11702310","HS",342,344,537,487,0,1
"1442","060212312449","MDR_11705219","ES",439,439,436,432,0,0
"1443","130012004059","MDR_11707920","HS",774,774,NA,NA,0,NA
"1444","080336006520","MDR_11709239","MS",425,425,NA,NA,0,NA
"1445","180606001070","MDR_11709605","MS",229,229,NA,NA,0,NA
"1446","173123006112","MDR_11712195","HS",574,528,NA,NA,0,NA
"1447","160016101021","MDR_11712353","MS",481,480,500,500,0,0
"1448","481623012472","MDR_11713307","ES",695,719,659,700,0,0
"1449","317284001145","MDR_11713773","MS",451,451,NA,NA,0,NA
"1450","060233112651","MDR_11714038","ES",746,746,746,744,0,0
"1451","360009806278","MDR_11714894","HS",1222,1222,NA,NA,0,NA
"1452","060206512962","MDR_11715290","MS",274,274,NA,NA,0,NA
"1453","090483001602","MDR_11716452","ES",478,478,NA,NA,0,NA
"1454","341269003170","MDR_11717274","HS",667,651,NA,NA,0,NA
"1455","060199912818","MDR_11717315","MS",109,97,87,86,0,0
"1456","482364012621","MDR_11717511","MS",477,530,NA,NA,0,NA
"1457","550960002860","MDR_11718149","MS",451,496,NA,NA,0,NA
"1458","482613010825","MDR_11719260","HS",98,377,NA,NA,1,NA
"1459","390458302354","MDR_11719351","HS",258,259,NA,NA,0,NA
"1460","550006702898","MDR_11720154","ES",202,222,NA,NA,0,NA
"1461","360099206119","MDR_11722633","ES",600,684,NA,NA,0,NA
"1462","260099308233","MDR_11733175","HS",420,420,NA,NA,0,NA
"1463","490000501404","MDR_11735317","MS",700,1630,1575,1550,1,1
"1464","261635001469","MDR_11735642","ES",125,182,NA,NA,0,NA
"1465","260024308799","MDR_11746407","MS",655,655,NA,NA,0,NA
"1466","240051001554","MDR_11819119","MS",477,476,445,450,0,0
"1467","450000201597","MDR_11819901","MS",233,228,228,214,0,0
"1468","062271002969","MDR_11823081","ES",196,815,2200,2200,1,1
"1469","390437805603","MDR_11823782","HS",318,321,NA,NA,0,NA
"1470","360103906260","MDR_11824657","ES",490,845,NA,NA,1,NA
"1471","270026203578","MDR_11830096","ES",580,584,602,596,0,0
"1472","063351013038","MDR_11830577","ES",391,391,NA,NA,0,NA
"1473","220026502334","MDR_11830826","HS",807,807,774,765,0,0
"1474","220003902347","MDR_11832692","ES",795,804,825,820,0,0
"1475","410000901734","MDR_11832771","ES",210,207,200,198,0,0
"1476","250666002758","MDR_11834157","MS",474,474,NA,NA,0,NA
"1477","450390101613","MDR_11916949","ES",400,519,516,507,1,0
"1478","480142712768","MDR_11917888","ES",313,324,NA,NA,0,NA
"1479","040096003387","MDR_11918739","MS",422,418,NA,NA,0,NA
"1480","490114001451","MDR_11919501","ES",613,641,588,577,0,0
"1481","060233411178","MDR_11920483","MS",120,1459,NA,NA,1,NA
"1482","090000700747","MDR_11923875","MS",160,705,131,106,1,1
"1483","360012305890","MDR_11924116","MS",279,279,NA,NA,0,NA
"1484","170864000505","MDR_11925366","MS",328,295,NA,NA,0,NA
"1485","470014702359","MDR_11928344","ES",309,270,NA,NA,0,NA
"1486","480017912724","MDR_11929221","ES",262,306,NA,NA,0,NA
"1487","360109506413","MDR_11934288","ES",92,706,NA,NA,1,NA
"1488","480025912947","MDR_11935505","MS",146,169,NA,NA,0,NA
"1489","064038013728","MDR_12030990","MS",144,144,722,705,0,1
"1490","120174008280","MDR_12031774","MS",1359,1359,1259,1276,0,0
"1491","370297003311","MDR_12032558","ES",169,190,NA,NA,0,NA
"1492","370297003315","MDR_12032584","HS",350,311,NA,NA,0,NA
"1493","490042001480","MDR_12035380","ES",1039,1039,NA,NA,0,NA
"1494","421689006078","MDR_12038227","MS",246,246,NA,NA,0,NA
"1495","390155405766","MDR_12039221","ES",208,208,NA,NA,0,NA
"1496","040089803393","MDR_12045062","MS",800,823,NA,NA,0,NA
"1497","040086603356","MDR_12099958","ES",555,558,NA,NA,0,NA
"1498","060216913485","MDR_12101393","HS",609,609,NA,NA,0,NA
"1499","490017401453","MDR_12102476","ES",460,448,NA,NA,0,NA
"1500","483585013174","MDR_12105076","ES",660,670,NA,NA,0,NA
"1501","261962008691","MDR_12107919","ES",84,142,NA,NA,0,NA
"1502","280258000499","MDR_12109618","MS",368,NA,293,260,NA,0
"1503","484653013375","MDR_12109785","ES",594,775,NA,NA,1,NA
"1504","482142013172","MDR_12113968","ES",106,149,NA,NA,0,NA
"1505","080345006666","MDR_12114687","MS",619,619,NA,NA,0,NA
"1506","120147008352","MDR_12114900","ES",962,962,1500,1500,0,1
"1507","480140913213","MDR_12115758","MS",429,532,NA,NA,1,NA
"1508","490018401489","MDR_12165674","MS",703,701,NA,NA,0,NA
"1509","470348001449","MDR_12169462","ES",342,378,356,357,0,0
"1510","040429003530","MDR_12170904","ES",991,1022,967,976,0,0
"1511","110003000149","MDR_12171609","MS",472,540,NA,NA,0,NA
"1512","480021113520","MDR_12173841","ES",349,677,NA,NA,1,NA
"1513","260111008797","MDR_12179807","ES",186,186,NA,NA,0,NA
"1514","290001703259","MDR_12180222","ES",300,297,466,461,0,1
"1515","100017000382","MDR_12225975","ES",647,703,550,610,0,0
"1516","061692014164","MDR_12226163","ES",832,832,NA,NA,0,NA
"1517","411317001851","MDR_12226292","MS",415,415,NA,NA,0,NA
"1518","120144008606","MDR_12230102","ES",1103,1103,NA,NA,0,NA
"1519","020060000761","MDR_12230516","ES",179,206,NA,NA,0,NA
"1520","530108003622","MDR_12231077","MS",395,392,NA,NA,0,NA
"1521","390437805946","MDR_12231390","HS",360,278,NA,NA,0,NA
"1522","120087008568","MDR_12231675","ES",883,1086,NA,NA,1,NA
"1523","120039008558","MDR_12231728","HS",117,136,NA,NA,0,NA
"1524","040386003552","MDR_12232502","MS",150,85,134,120,0,0
"1525","210387000989","MDR_12232784","HS",100,751,NA,NA,1,NA
"1526","370472003411","MDR_12233465","ES",735,761,NA,NA,0,NA
"1527","410198001860","MDR_12234770","ES",135,152,NA,NA,0,NA
"1528","080291006728","MDR_12235437","MS",474,770,NA,NA,1,NA
"1529","290001403222","MDR_12241527","ES",329,375,NA,NA,0,NA
"1530","400079602842","MDR_12241890","ES",371,371,NA,NA,0,NA
"1531","120039008514","MDR_12305434","ES",308,469,NA,NA,1,NA
"1532","062334013848","MDR_12306062","HS",46,37,NA,NA,0,NA
"1533","484365013639","MDR_12308230","MS",451,523,NA,NA,0,NA
"1534","060639014239","MDR_12309325","ES",750,798,835,830,0,0
"1535","480771013705","MDR_12309650","MS",1202,1246,NA,NA,0,NA
"1536","480021113739","MDR_12311689","ES",300,442,NA,NA,1,NA
"1537","450390101698","MDR_12312762","MS",273,257,303,285,0,0
"1538","280240001507","MDR_12317138","MS",152,152,NA,NA,0,NA
"1539","350017801138","MDR_12318455","ES",90,90,195,200,0,1
"1540","060243614343","MDR_12321775","ES",166,252,NA,NA,0,NA
"1541","040087703522","MDR_12321957","MS",500,305,980,980,1,1
"1542","120153008598","MDR_12322028","ES",610,626,NA,NA,0,NA
"1543","270043905072","MDR_12322339","ES",225,227,NA,NA,0,NA
"1544","370044603504","MDR_12361933","ES",450,442,NA,NA,0,NA
"1545","480027413842","MDR_12362717","ES",401,463,NA,NA,0,NA
"1546","490003001575","MDR_12365549","MS",1266,1238,NA,NA,0,NA
"1547","480771013696","MDR_12365616","HS",126,128,NA,NA,0,NA
"1548","260000508923","MDR_12365848","ES",162,162,NA,NA,0,NA
"1549","220153001488","MDR_12366622","HS",450,1491,NA,NA,1,NA
"1550","480146113593","MDR_12366787","MS",450,532,NA,NA,0,NA
"1551","551224001591","MDR_12366799","ES",213,476,243,242,1,1
"1552","060251514424","MDR_12366921","ES",36,36,NA,NA,0,NA
"1553","360010206706","MDR_12367614","ES",118,118,NA,NA,0,NA
"1554","291434003370","MDR_12367640","HS",220,NA,186,223,NA,0
"1555","130102004348","MDR_12371328","MS",467,467,310,315,0,1
"1556","400075302890","MDR_12372774","ES",504,504,471,454,0,0
"1557","450390901719","MDR_12374708","ES",100,59,NA,NA,0,NA
"1558","060228814348","MDR_12375831","ES",323,323,NA,NA,0,NA
"1559","120039008684","MDR_12376196","MS",350,374,NA,NA,0,NA
"1560","260112108906","MDR_12377449","ES",401,167,NA,NA,1,NA
"1561","130249003570","MDR_12377645","HS",400,841,NA,NA,1,NA
"1562","060173308715","MDR_12378027","HS",140,3185,128,116,1,1
"1563","390159105906","MDR_12378223","ES",103,165,NA,NA,0,NA
"1564","290057903345","MDR_12378912","MS",120,248,175,180,1,0
